time;r11;r12;r13;r21;r22;r23;r31;r32;r33
0.0000000000000000e+00;1.0000000000000000e+00;0.0000000000000000e+00;0.0000000000000000e+00;0.0000000000000000e+00;1.0000000000000000e+00;0.0000000000000000e+00;-1.0000000000000000e+00;0.0000000000000000e+00;0.0000000000000000e+00;0.0000000000000000e+00;-1.0000000000000000e+00;0.0000000000000000e+00;
1.0000000000000001e-01;9.9718778761114324e-01;9.0000000000000011e-02;0.0000000000000000e+00;-9.0000000000000011e-02;9.9718778761114324e-01;0.0000000000000000e+00;-9.9718778761114324e-01;-9.0000000000000011e-02;0.0000000000000000e+00;9.0000000000000011e-02;-9.9718778761114324e-01;0.0000000000000000e+00;
2.0000000000000001e-01;9.8878651435908915e-01;1.7949550854998347e-01;0.0000000000000000e+00;-1.7949550854998347e-01;9.8878651435908915e-01;0.0000000000000000e+00;-9.8878651435908915e-01;-1.7949550854998347e-01;0.0000000000000000e+00;1.7949550854998347e-01;-9.8878651435908915e-01;0.0000000000000000e+00;
3.0000000000000004e-01;9.7490461143629314e-01;2.6799511180874164e-01;0.0000000000000000e+00;-2.6799511180874164e-01;9.7490461143629314e-01;0.0000000000000000e+00;-9.7490461143629314e-01;-2.6799511180874164e-01;0.0000000000000000e+00;2.6799511180874164e-01;-9.7490461143629314e-01;0.0000000000000000e+00;
4.0000000000000002e-01;9.5571709964487372e-01;3.5503431336398394e-01;0.0000000000000000e+00;-3.5503431336398394e-01;9.5571709964487372e-01;0.0000000000000000e+00;-9.5571709964487372e-01;-3.5503431336398394e-01;0.0000000000000000e+00;3.5503431336398394e-01;-9.5571709964487372e-01;0.0000000000000000e+00;
5.0000000000000000e-01;9.3145754275318493e-01;4.4018652302068373e-01;0.0000000000000000e+00;-4.4018652302068373e-01;9.3145754275318493e-01;0.0000000000000000e+00;-9.3145754275318493e-01;-4.4018652302068373e-01;0.0000000000000000e+00;4.4018652302068373e-01;-9.3145754275318493e-01;0.0000000000000000e+00;
5.9999999999999998e-01;9.0240794940312019e-01;5.2307143875741524e-01;0.0000000000000000e+00;-5.2307143875741524e-01;9.0240794940312019e-01;0.0000000000000000e+00;-9.0240794940312019e-01;-5.2307143875741524e-01;0.0000000000000000e+00;5.2307143875741524e-01;-9.0240794940312019e-01;0.0000000000000000e+00;
6.9999999999999996e-01;8.6888754804292423e-01;6.0336051697022886e-01;0.0000000000000000e+00;-6.0336051697022886e-01;8.6888754804292423e-01;0.0000000000000000e+00;-8.6888754804292423e-01;-6.0336051697022886e-01;0.0000000000000000e+00;6.0336051697022886e-01;-8.6888754804292423e-01;0.0000000000000000e+00;
7.9999999999999993e-01;8.3124133852827509e-01;6.8077955238489740e-01;0.0000000000000000e+00;-6.8077955238489740e-01;8.3124133852827509e-01;0.0000000000000000e+00;-8.3124133852827509e-01;-6.8077955238489740e-01;0.0000000000000000e+00;6.8077955238489740e-01;-8.3124133852827509e-01;0.0000000000000000e+00;
8.9999999999999991e-01;7.8982919206173163e-01;7.5510865526436644e-01;0.0000000000000000e+00;-7.5510865526436644e-01;7.8982919206173163e-01;0.0000000000000000e+00;-7.8982919206173163e-01;-7.5510865526436644e-01;0.0000000000000000e+00;7.5510865526436644e-01;-7.8982919206173163e-01;0.0000000000000000e+00;
9.9999999999999989e-01;7.4501607255862823e-01;8.2618009003195292e-01;0.0000000000000000e+00;-8.2618009003195292e-01;7.4501607255862823e-01;0.0000000000000000e+00;-7.4501607255862823e-01;-8.2618009003195292e-01;0.0000000000000000e+00;8.2618009003195292e-01;-7.4501607255862823e-01;0.0000000000000000e+00;
1.0999999999999999e+00;6.9716373361425554e-01;8.9387452112652310e-01;0.0000000000000000e+00;-8.9387452112652310e-01;6.9716373361425554e-01;0.0000000000000000e+00;-6.9716373361425554e-01;-8.9387452112652310e-01;0.0000000000000000e+00;8.9387452112652310e-01;-6.9716373361425554e-01;0.0000000000000000e+00;
1.2000000000000000e+00;6.4662404305134225e-01;9.5811621254443158e-01;0.0000000000000000e+00;-9.5811621254443158e-01;6.4662404305134225e-01;0.0000000000000000e+00;-6.4662404305134225e-01;-9.5811621254443158e-01;0.0000000000000000e+00;9.5811621254443158e-01;-6.4662404305134225e-01;0.0000000000000000e+00;
1.3000000000000000e+00;5.9373392432952055e-01;1.0188676707281943e+00;0.0000000000000000e+00;-1.0188676707281943e+00;5.9373392432952055e-01;0.0000000000000000e+00;-5.9373392432952055e-01;-1.0188676707281943e+00;0.0000000000000000e+00;1.0188676707281943e+00;-5.9373392432952055e-01;0.0000000000000000e+00;
1.4000000000000001e+00;5.3881178967272014e-01;1.0761241315331509e+00;0.0000000000000000e+00;-1.0761241315331509e+00;5.3881178967272014e-01;0.0000000000000000e+00;-5.3881178967272014e-01;-1.0761241315331509e+00;0.0000000000000000e+00;1.0761241315331509e+00;-5.3881178967272014e-01;0.0000000000000000e+00;
1.5000000000000002e+00;4.8215527181432377e-01;1.1299081924234762e+00;0.0000000000000000e+00;-1.1299081924234762e+00;4.8215527181432377e-01;0.0000000000000000e+00;-4.8215527181432377e-01;-1.1299081924234762e+00;0.0000000000000000e+00;1.1299081924234762e+00;-4.8215527181432377e-01;0.0000000000000000e+00;
1.6000000000000003e+00;4.2404003178980670e-01;1.1802647960339296e+00;0.0000000000000000e+00;-1.1802647960339296e+00;4.2404003178980670e-01;0.0000000000000000e+00;-4.2404003178980670e-01;-1.1802647960339296e+00;0.0000000000000000e+00;1.1802647960339296e+00;-4.2404003178980670e-01;0.0000000000000000e+00;
1.7000000000000004e+00;3.6471941890188087e-01;1.2272566896169357e+00;0.0000000000000000e+00;-1.2272566896169357e+00;3.6471941890188087e-01;0.0000000000000000e+00;-3.6471941890188087e-01;-1.2272566896169357e+00;0.0000000000000000e+00;1.2272566896169357e+00;-3.6471941890188087e-01;0.0000000000000000e+00;
1.8000000000000005e+00;3.0442477582651717e-01;1.2709604203193867e+00;0.0000000000000000e+00;-1.2709604203193867e+00;3.0442477582651717e-01;0.0000000000000000e+00;-3.0442477582651717e-01;-1.2709604203193867e+00;0.0000000000000000e+00;1.2709604203193867e+00;-3.0442477582651717e-01;0.0000000000000000e+00;
1.9000000000000006e+00;2.4336620851504359e-01;1.3114628787827309e+00;0.0000000000000000e+00;-1.3114628787827309e+00;2.4336620851504359e-01;0.0000000000000000e+00;-2.4336620851504359e-01;-1.3114628787827309e+00;0.0000000000000000e+00;1.3114628787827309e+00;-2.4336620851504359e-01;0.0000000000000000e+00;
2.0000000000000004e+00;1.8173367095492940e-01;1.3488583712717552e+00;0.0000000000000000e+00;-1.3488583712717552e+00;1.8173367095492940e-01;0.0000000000000000e+00;-1.8173367095492940e-01;-1.3488583712717552e+00;0.0000000000000000e+00;1.3488583712717552e+00;-1.8173367095492940e-01;0.0000000000000000e+00;
2.1000000000000005e+00;1.1969824492939381e-01;1.3832461805634932e+00;0.0000000000000000e+00;-1.3832461805634932e+00;1.1969824492939379e-01;0.0000000000000000e+00;-1.1969824492939379e-01;-1.3832461805634932e+00;0.0000000000000000e+00;1.3832461805634932e+00;-1.1969824492939381e-01;0.0000000000000000e+00;
2.2000000000000006e+00;5.7413522301930350e-02;1.4147285651905839e+00;0.0000000000000000e+00;-1.4147285651905839e+00;5.7413522301930330e-02;0.0000000000000000e+00;-5.7413522301930330e-02;-1.4147285651905839e+00;0.0000000000000000e+00;1.4147285651905839e+00;-5.7413522301930350e-02;0.0000000000000000e+00;
2.3000000000000007e+00;-4.9829790811089375e-03;1.4434091426490605e+00;0.0000000000000000e+00;-1.4434091426490605e+00;-4.9829790811089653e-03;0.0000000000000000e+00;4.9829790811089653e-03;-1.4434091426490605e+00;0.0000000000000000e+00;1.4434091426490605e+00;4.9829790811089375e-03;0.0000000000000000e+00;
2.4000000000000008e+00;-6.7368415335576623e-02;1.4693916026402123e+00;0.0000000000000000e+00;-1.4693916026402123e+00;-6.7368415335576665e-02;0.0000000000000000e+00;6.7368415335576665e-02;-1.4693916026402123e+00;0.0000000000000000e+00;1.4693916026402123e+00;6.7368415335576623e-02;0.0000000000000000e+00;
2.5000000000000009e+00;-1.2963326629753036e-01;1.4927786996196217e+00;0.0000000000000000e+00;-1.4927786996196217e+00;-1.2963326629753041e-01;0.0000000000000000e+00;1.2963326629753041e-01;-1.4927786996196217e+00;0.0000000000000000e+00;1.4927786996196217e+00;1.2963326629753036e-01;0.0000000000000000e+00;
2.6000000000000010e+00;-1.9168005705828303e-01;1.5136714786354331e+00;0.0000000000000000e+00;-1.5136714786354331e+00;-1.9168005705828312e-01;0.0000000000000000e+00;1.9168005705828312e-01;-1.5136714786354331e+00;0.0000000000000000e+00;1.5136714786354331e+00;1.9168005705828303e-01;0.0000000000000000e+00;
2.7000000000000011e+00;-2.5342216419675345e-01;1.5321686937959165e+00;0.0000000000000000e+00;-1.5321686937959165e+00;-2.5342216419675356e-01;0.0000000000000000e+00;2.5342216419675356e-01;-1.5321686937959165e+00;0.0000000000000000e+00;1.5321686937959165e+00;2.5342216419675345e-01;0.0000000000000000e+00;
2.8000000000000012e+00;-3.1478271299500649e-01;1.5483663841528663e+00;0.0000000000000000e+00;-1.5483663841528663e+00;-3.1478271299500660e-01;0.0000000000000000e+00;3.1478271299500660e-01;-1.5483663841528663e+00;0.0000000000000000e+00;1.5483663841528663e+00;3.1478271299500649e-01;0.0000000000000000e+00;
2.9000000000000012e+00;-3.7569356719560931e-01;1.5623575769794620e+00;0.0000000000000000e+00;-1.5623575769794620e+00;-3.7569356719560942e-01;0.0000000000000000e+00;3.7569356719560942e-01;-1.5623575769794620e+00;0.0000000000000000e+00;1.5623575769794620e+00;3.7569356719560931e-01;0.0000000000000000e+00;
3.0000000000000013e+00;-4.3609440960530327e-01;1.5742320931694589e+00;0.0000000000000000e+00;-1.5742320931694589e+00;-4.3609440960530338e-01;0.0000000000000000e+00;4.3609440960530338e-01;-1.5742320931694589e+00;0.0000000000000000e+00;1.5742320931694589e+00;4.3609440960530327e-01;0.0000000000000000e+00;
3.1000000000000014e+00;-4.9593190970881074e-01;1.5840764337028348e+00;0.0000000000000000e+00;-1.5840764337028348e+00;-4.9593190970881085e-01;0.0000000000000000e+00;4.9593190970881085e-01;-1.5840764337028348e+00;0.0000000000000000e+00;1.5840764337028348e+00;4.9593190970881074e-01;0.0000000000000000e+00;
3.2000000000000015e+00;-5.5515897314023455e-01;1.5919737297916088e+00;0.0000000000000000e+00;-1.5919737297916088e+00;-5.5515897314023466e-01;0.0000000000000000e+00;5.5515897314023466e-01;-1.5919737297916088e+00;0.0000000000000000e+00;1.5919737297916088e+00;5.5515897314023455e-01;0.0000000000000000e+00;
3.3000000000000016e+00;-6.1373406714061662e-01;1.5980037424589562e+00;0.0000000000000000e+00;-1.5980037424589562e+00;-6.1373406714061685e-01;0.0000000000000000e+00;6.1373406714061685e-01;-1.5980037424589562e+00;0.0000000000000000e+00;1.5980037424589562e+00;6.1373406714061673e-01;0.0000000000000000e+00;
3.4000000000000017e+00;-6.7162061583436183e-01;1.6022428999576002e+00;0.0000000000000000e+00;-1.6022428999576002e+00;-6.7162061583436206e-01;0.0000000000000000e+00;6.7162061583436206e-01;-1.6022428999576002e+00;0.0000000000000000e+00;1.6022428999576002e+00;6.7162061583436194e-01;0.0000000000000000e+00;
3.5000000000000018e+00;-7.2878645915261175e-01;1.6047643636526800e+00;0.0000000000000000e+00;-1.6047643636526800e+00;-7.2878645915261198e-01;0.0000000000000000e+00;7.2878645915261198e-01;-1.6047643636526800e+00;0.0000000000000000e+00;1.6047643636526800e+00;7.2878645915261187e-01;0.0000000000000000e+00;
3.6000000000000019e+00;-7.8520336942033286e-01;1.6056381148355712e+00;0.0000000000000000e+00;-1.6056381148355712e+00;-7.8520336942033309e-01;0.0000000000000000e+00;7.8520336942033309e-01;-1.6056381148355712e+00;0.0000000000000000e+00;1.6056381148355712e+00;7.8520336942033298e-01;0.0000000000000000e+00;
3.7000000000000020e+00;-8.4084661993423726e-01;1.6049310564524013e+00;0.0000000000000000e+00;-1.6049310564524013e+00;-8.4084661993423748e-01;0.0000000000000000e+00;8.4084661993423748e-01;-1.6049310564524013e+00;0.0000000000000000e+00;1.6049310564524013e+00;8.4084661993423737e-01;0.0000000000000000e+00;
3.8000000000000020e+00;-8.9569460023921466e-01;1.6027071249740379e+00;0.0000000000000000e+00;-1.6027071249740379e+00;-8.9569460023921499e-01;0.0000000000000000e+00;8.9569460023921499e-01;-1.6027071249740379e+00;0.0000000000000000e+00;1.6027071249740379e+00;8.9569460023921477e-01;0.0000000000000000e+00;
3.9000000000000021e+00;-9.4972847322542797e-01;1.5990274086475103e+00;0.0000000000000000e+00;-1.5990274086475103e+00;-9.4972847322542830e-01;0.0000000000000000e+00;9.4972847322542830e-01;-1.5990274086475103e+00;0.0000000000000000e+00;1.5990274086475103e+00;9.4972847322542808e-01;0.0000000000000000e+00;
4.0000000000000018e+00;-1.0029318695916301e+00;1.5939502691909320e+00;0.0000000000000000e+00;-1.5939502691909320e+00;-1.0029318695916305e+00;0.0000000000000000e+00;1.0029318695916305e+00;-1.5939502691909320e+00;0.0000000000000000e+00;1.5939502691909320e+00;1.0029318695916301e+00;0.0000000000000000e+00;
4.1000000000000014e+00;-1.0552906156359207e+00;1.5875314646582135e+00;0.0000000000000000e+00;-1.5875314646582135e+00;-1.0552906156359212e+00;0.0000000000000000e+00;1.0552906156359212e+00;-1.5875314646582135e+00;0.0000000000000000e+00;1.5875314646582135e+00;1.0552906156359207e+00;0.0000000000000000e+00;
4.2000000000000011e+00;-1.1067924907324200e+00;1.5798242717343545e+00;0.0000000000000000e+00;-1.5798242717343545e+00;-1.1067924907324205e+00;0.0000000000000000e+00;1.1067924907324205e+00;-1.5798242717343545e+00;0.0000000000000000e+00;1.5798242717343545e+00;1.1067924907324200e+00;0.0000000000000000e+00;
4.3000000000000007e+00;-1.1574270112248386e+00;1.5708796061504615e+00;0.0000000000000000e+00;-1.5708796061504615e+00;-1.1574270112248393e+00;0.0000000000000000e+00;1.1574270112248393e+00;-1.5708796061504615e+00;0.0000000000000000e+00;1.5708796061504615e+00;1.1574270112248388e+00;0.0000000000000000e+00;
4.4000000000000004e+00;-1.2071852378123629e+00;1.5607461402494842e+00;0.0000000000000000e+00;-1.5607461402494842e+00;-1.2071852378123635e+00;0.0000000000000000e+00;1.2071852378123635e+00;-1.5607461402494842e+00;0.0000000000000000e+00;1.5607461402494842e+00;1.2071852378123631e+00;0.0000000000000000e+00;
4.5000000000000000e+00;-1.2560596038183842e+00;1.5494704170052402e+00;0.0000000000000000e+00;-1.5494704170052402e+00;-1.2560596038183849e+00;0.0000000000000000e+00;1.2560596038183849e+00;-1.5494704170052402e+00;0.0000000000000000e+00;1.5494704170052402e+00;1.2560596038183844e+00;0.0000000000000000e+00;
4.5999999999999996e+00;-1.3040437620185747e+00;1.5370969600119495e+00;0.0000000000000000e+00;-1.5370969600119495e+00;-1.3040437620185754e+00;0.0000000000000000e+00;1.3040437620185754e+00;-1.5370969600119495e+00;0.0000000000000000e+00;1.5370969600119495e+00;1.3040437620185750e+00;0.0000000000000000e+00;
4.6999999999999993e+00;-1.3511324479626834e+00;1.5236683791301830e+00;0.0000000000000000e+00;-1.5236683791301830e+00;-1.3511324479626841e+00;0.0000000000000000e+00;1.3511324479626843e+00;-1.5236683791301830e+00;0.0000000000000000e+00;1.5236683791301830e+00;1.3511324479626836e+00;0.0000000000000000e+00;
4.7999999999999989e+00;-1.3973213579558270e+00;1.5092254716067848e+00;0.0000000000000000e+00;-1.5092254716067848e+00;-1.3973213579558277e+00;0.0000000000000000e+00;1.3973213579558279e+00;-1.5092254716067848e+00;0.0000000000000000e+00;1.5092254716067848e+00;1.3973213579558272e+00;0.0000000000000000e+00;
4.8999999999999986e+00;-1.4426070400718871e+00;1.4938073185882161e+00;0.0000000000000000e+00;-1.4938073185882161e+00;-1.4426070400718878e+00;0.0000000000000000e+00;1.4426070400718882e+00;-1.4938073185882161e+00;0.0000000000000000e+00;1.4938073185882161e+00;1.4426070400718873e+00;0.0000000000000000e+00;
4.9999999999999982e+00;-1.4869867967559445e+00;1.4774513770248450e+00;0.0000000000000000e+00;-1.4774513770248450e+00;-1.4869867967559451e+00;0.0000000000000000e+00;1.4869867967559456e+00;-1.4774513770248450e+00;0.0000000000000000e+00;1.4774513770248450e+00;1.4869867967559447e+00;0.0000000000000000e+00;
5.0999999999999979e+00;-1.5304585977365464e+00;1.4601935670227164e+00;0.0000000000000000e+00;-1.4601935670227164e+00;-1.5304585977365470e+00;0.0000000000000000e+00;1.5304585977365475e+00;-1.4601935670227164e+00;0.0000000000000000e+00;1.4601935670227164e+00;1.5304585977365466e+00;0.0000000000000000e+00;
5.1999999999999975e+00;-1.5730210021140207e+00;1.4420683547432136e+00;0.0000000000000000e+00;-1.4420683547432136e+00;-1.5730210021140214e+00;0.0000000000000000e+00;1.5730210021140218e+00;-1.4420683547432136e+00;0.0000000000000000e+00;1.4420683547432136e+00;1.5730210021140210e+00;0.0000000000000000e+00;
5.2999999999999972e+00;-1.6146730886199119e+00;1.4231088309828539e+00;0.0000000000000000e+00;-1.4231088309828539e+00;-1.6146730886199125e+00;0.0000000000000000e+00;1.6146730886199130e+00;-1.4231088309828539e+00;0.0000000000000000e+00;1.4231088309828539e+00;1.6146730886199121e+00;0.0000000000000000e+00;
5.3999999999999968e+00;-1.6554143931566894e+00;1.4033467855878174e+00;0.0000000000000000e+00;-1.4033467855878174e+00;-1.6554143931566900e+00;0.0000000000000000e+00;1.6554143931566905e+00;-1.4033467855878174e+00;0.0000000000000000e+00;1.4033467855878174e+00;1.6554143931566896e+00;0.0000000000000000e+00;
5.4999999999999964e+00;-1.6952448528278028e+00;1.3828127778726886e+00;0.0000000000000000e+00;-1.3828127778726886e+00;-1.6952448528278035e+00;0.0000000000000000e+00;1.6952448528278039e+00;-1.3828127778726886e+00;0.0000000000000000e+00;1.3828127778726886e+00;1.6952448528278030e+00;0.0000000000000000e+00;
5.5999999999999961e+00;-1.7341647557573812e+00;1.3615362032219547e+00;0.0000000000000000e+00;-1.3615362032219547e+00;-1.7341647557573818e+00;0.0000000000000000e+00;1.7341647557573825e+00;-1.3615362032219547e+00;0.0000000000000000e+00;1.3615362032219547e+00;1.7341647557573814e+00;0.0000000000000000e+00;
5.6999999999999957e+00;-1.7721746960777580e+00;1.3395453560573582e+00;0.0000000000000000e+00;-1.3395453560573582e+00;-1.7721746960777587e+00;0.0000000000000000e+00;1.7721746960777593e+00;-1.3395453560573582e+00;0.0000000000000000e+00;1.3395453560573582e+00;1.7721746960777582e+00;0.0000000000000000e+00;
5.7999999999999954e+00;-1.8092755335327195e+00;1.3168674893552845e+00;0.0000000000000000e+00;-1.3168674893552845e+00;-1.8092755335327202e+00;0.0000000000000000e+00;1.8092755335327209e+00;-1.3168674893552845e+00;0.0000000000000000e+00;1.3168674893552845e+00;1.8092755335327197e+00;0.0000000000000000e+00;
5.8999999999999950e+00;-1.8454683572060089e+00;1.2935288708968302e+00;0.0000000000000000e+00;-1.2935288708968302e+00;-1.8454683572060095e+00;0.0000000000000000e+00;1.8454683572060102e+00;-1.2935288708968302e+00;0.0000000000000000e+00;1.2935288708968302e+00;1.8454683572060091e+00;0.0000000000000000e+00;
5.9999999999999947e+00;-1.8807544529391023e+00;1.2695548364297042e+00;0.0000000000000000e+00;-1.2695548364297042e+00;-1.8807544529391029e+00;0.0000000000000000e+00;1.8807544529391036e+00;-1.2695548364297042e+00;0.0000000000000000e+00;1.2695548364297042e+00;1.8807544529391025e+00;0.0000000000000000e+00;
6.0999999999999943e+00;-1.9151352740504664e+00;1.2449698399161873e+00;0.0000000000000000e+00;-1.2449698399161873e+00;-1.9151352740504672e+00;0.0000000000000000e+00;1.9151352740504679e+00;-1.2449698399161873e+00;0.0000000000000000e+00;1.2449698399161873e+00;1.9151352740504668e+00;0.0000000000000000e+00;
6.1999999999999940e+00;-1.9486124150111370e+00;1.2197975010354485e+00;0.0000000000000000e+00;-1.2197975010354485e+00;-1.9486124150111379e+00;0.0000000000000000e+00;1.9486124150111386e+00;-1.2197975010354485e+00;0.0000000000000000e+00;1.2197975010354485e+00;1.9486124150111375e+00;0.0000000000000000e+00;
6.2999999999999936e+00;-1.9811875877691973e+00;1.1940606501019000e+00;0.0000000000000000e+00;-1.1940606501019000e+00;-1.9811875877691982e+00;0.0000000000000000e+00;1.9811875877691989e+00;-1.1940606501019000e+00;0.0000000000000000e+00;1.1940606501019000e+00;1.9811875877691978e+00;0.0000000000000000e+00;
6.3999999999999932e+00;-2.0128626004491537e+00;1.1677813705542361e+00;0.0000000000000000e+00;-1.1677813705542361e+00;-2.0128626004491545e+00;0.0000000000000000e+00;2.0128626004491550e+00;-1.1677813705542361e+00;0.0000000000000000e+00;1.1677813705542361e+00;2.0128626004491541e+00;0.0000000000000000e+00;
6.4999999999999929e+00;-2.0436393381818192e+00;1.1409810391625466e+00;0.0000000000000000e+00;-1.1409810391625466e+00;-2.0436393381818201e+00;0.0000000000000000e+00;2.0436393381818205e+00;-1.1409810391625466e+00;0.0000000000000000e+00;1.1409810391625466e+00;2.0436393381818196e+00;0.0000000000000000e+00;
6.5999999999999925e+00;-2.0735197458465775e+00;1.1136803640935609e+00;0.0000000000000000e+00;-1.1136803640935609e+00;-2.0735197458465784e+00;0.0000000000000000e+00;2.0735197458465788e+00;-1.1136803640935609e+00;0.0000000000000000e+00;1.1136803640935609e+00;2.0735197458465779e+00;0.0000000000000000e+00;
6.6999999999999922e+00;-2.1025058125311897e+00;1.0858994209668038e+00;0.0000000000000000e+00;-1.0858994209668038e+00;-2.1025058125311906e+00;0.0000000000000000e+00;2.1025058125311911e+00;-1.0858994209668036e+00;0.0000000000000000e+00;1.0858994209668036e+00;2.1025058125311902e+00;0.0000000000000000e+00;
6.7999999999999918e+00;-2.1305995575349992e+00;1.0576576870272940e+00;0.0000000000000000e+00;-1.0576576870272940e+00;-2.1305995575350001e+00;0.0000000000000000e+00;2.1305995575350005e+00;-1.0576576870272938e+00;0.0000000000000000e+00;1.0576576870272938e+00;2.1305995575349996e+00;0.0000000000000000e+00;
6.8999999999999915e+00;-2.1578030177597669e+00;1.0289740735534740e+00;0.0000000000000000e+00;-1.0289740735534740e+00;-2.1578030177597678e+00;0.0000000000000000e+00;2.1578030177597682e+00;-1.0289740735534738e+00;0.0000000000000000e+00;1.0289740735534738e+00;2.1578030177597674e+00;0.0000000000000000e+00;
6.9999999999999911e+00;-2.1841182363487155e+00;9.9986695661236025e-01;0.0000000000000000e+00;-9.9986695661236025e-01;-2.1841182363487164e+00;0.0000000000000000e+00;2.1841182363487168e+00;-9.9986695661236002e-01;0.0000000000000000e+00;9.9986695661236002e-01;2.1841182363487159e+00;0.0000000000000000e+00;
7.0999999999999908e+00;-2.2095472524489028e+00;9.7035420626747770e-01;0.0000000000000000e+00;-9.7035420626747770e-01;-2.2095472524489037e+00;0.0000000000000000e+00;2.2095472524489042e+00;-9.7035420626747748e-01;0.0000000000000000e+00;9.7035420626747737e-01;2.2095472524489033e+00;0.0000000000000000e+00;
7.1999999999999904e+00;-2.2340920919850049e+00;9.4045321433902429e-01;0.0000000000000000e+00;-9.4045321433902429e-01;-2.2340920919850058e+00;0.0000000000000000e+00;2.2340920919850062e+00;-9.4045321433902407e-01;0.0000000000000000e+00;9.4045321433902396e-01;2.2340920919850054e+00;0.0000000000000000e+00;
7.2999999999999901e+00;-2.2577547593441278e+00;9.1018092080989155e-01;0.0000000000000000e+00;-9.1018092080989155e-01;-2.2577547593441287e+00;0.0000000000000000e+00;2.2577547593441292e+00;-9.1018092080989133e-01;0.0000000000000000e+00;9.1018092080989121e-01;2.2577547593441283e+00;0.0000000000000000e+00;
7.3999999999999897e+00;-2.2805372298815820e+00;8.7955383896566874e-01;0.0000000000000000e+00;-8.7955383896566874e-01;-2.2805372298815829e+00;0.0000000000000000e+00;2.2805372298815834e+00;-8.7955383896566852e-01;0.0000000000000000e+00;8.7955383896566841e-01;2.2805372298815825e+00;0.0000000000000000e+00;
7.4999999999999893e+00;-2.3024414431667370e+00;8.4858807935157099e-01;0.0000000000000000e+00;-8.4858807935157099e-01;-2.3024414431667379e+00;0.0000000000000000e+00;2.3024414431667384e+00;-8.4858807935157077e-01;0.0000000000000000e+00;8.4858807935157066e-01;2.3024414431667375e+00;0.0000000000000000e+00;
7.5999999999999890e+00;-2.3234692968963118e+00;8.1729937262435171e-01;0.0000000000000000e+00;-8.1729937262435171e-01;-2.3234692968963127e+00;0.0000000000000000e+00;2.3234692968963135e+00;-8.1729937262435148e-01;0.0000000000000000e+00;8.1729937262435137e-01;2.3234692968963122e+00;0.0000000000000000e+00;
7.6999999999999886e+00;-2.3436226414097949e+00;7.8570309137268513e-01;0.0000000000000000e+00;-7.8570309137268513e-01;-2.3436226414097958e+00;0.0000000000000000e+00;2.3436226414097967e+00;-7.8570309137268490e-01;0.0000000000000000e+00;7.8570309137268479e-01;2.3436226414097954e+00;0.0000000000000000e+00;
7.7999999999999883e+00;-2.3629032747482870e+00;7.5381427097521869e-01;0.0000000000000000e+00;-7.5381427097521869e-01;-2.3629032747482879e+00;0.0000000000000000e+00;2.3629032747482888e+00;-7.5381427097521847e-01;0.0000000000000000e+00;7.5381427097521836e-01;2.3629032747482874e+00;0.0000000000000000e+00;
7.8999999999999879e+00;-2.3813129382039531e+00;7.2164762956149320e-01;0.0000000000000000e+00;-7.2164762956149320e-01;-2.3813129382039540e+00;0.0000000000000000e+00;2.3813129382039548e+00;-7.2164762956149298e-01;0.0000000000000000e+00;7.2164762956149286e-01;2.3813129382039535e+00;0.0000000000000000e+00;
7.9999999999999876e+00;-2.3988533123125753e+00;6.8921758713719639e-01;0.0000000000000000e+00;-6.8921758713719639e-01;-2.3988533123125761e+00;0.0000000000000000e+00;2.3988533123125770e+00;-6.8921758713719616e-01;0.0000000000000000e+00;6.8921758713719594e-01;2.3988533123125757e+00;0.0000000000000000e+00;
8.0999999999999872e+00;-2.4155260132464442e+00;6.5653828393174118e-01;0.0000000000000000e+00;-6.5653828393174118e-01;-2.4155260132464451e+00;0.0000000000000000e+00;2.4155260132464460e+00;-6.5653828393174096e-01;0.0000000000000000e+00;6.5653828393174074e-01;2.4155260132464447e+00;0.0000000000000000e+00;
8.1999999999999869e+00;-2.4313325895691213e+00;6.2362359802293299e-01;0.0000000000000000e+00;-6.2362359802293299e-01;-2.4313325895691222e+00;0.0000000000000000e+00;2.4313325895691231e+00;-6.2362359802293277e-01;0.0000000000000000e+00;6.2362359802293255e-01;2.4313325895691218e+00;0.0000000000000000e+00;
8.2999999999999865e+00;-2.4462745193174400e+00;5.9048716229049392e-01;0.0000000000000000e+00;-5.9048716229049392e-01;-2.4462745193174409e+00;0.0000000000000000e+00;2.4462745193174418e+00;-5.9048716229049369e-01;0.0000000000000000e+00;5.9048716229049347e-01;2.4462745193174404e+00;0.0000000000000000e+00;
8.3999999999999861e+00;-2.4603532073796024e+00;5.5714238074744249e-01;0.0000000000000000e+00;-5.5714238074744249e-01;-2.4603532073796033e+00;0.0000000000000000e+00;2.4603532073796042e+00;-5.5714238074744227e-01;0.0000000000000000e+00;5.5714238074744193e-01;2.4603532073796028e+00;0.0000000000000000e+00;
8.4999999999999858e+00;-2.4735699831413598e+00;5.2360244429576341e-01;0.0000000000000000e+00;-5.2360244429576341e-01;-2.4735699831413607e+00;0.0000000000000000e+00;2.4735699831413616e+00;-5.2360244429576319e-01;0.0000000000000000e+00;5.2360244429576275e-01;2.4735699831413602e+00;0.0000000000000000e+00;
8.5999999999999854e+00;-2.4859260983751001e+00;4.8988034595044189e-01;0.0000000000000000e+00;-4.8988034595044189e-01;-2.4859260983751010e+00;0.0000000000000000e+00;2.4859260983751019e+00;-4.8988034595044166e-01;0.0000000000000000e+00;4.8988034595044122e-01;2.4859260983751006e+00;0.0000000000000000e+00;
8.6999999999999851e+00;-2.4974227253492440e+00;4.5598889557376232e-01;0.0000000000000000e+00;-4.5598889557376232e-01;-2.4974227253492449e+00;0.0000000000000000e+00;2.4974227253492458e+00;-4.5598889557376210e-01;0.0000000000000000e+00;4.5598889557376165e-01;2.4974227253492445e+00;0.0000000000000000e+00;
8.7999999999999847e+00;-2.5080609551376822e+00;4.2194073415977773e-01;0.0000000000000000e+00;-4.2194073415977779e-01;-2.5080609551376831e+00;0.0000000000000000e+00;2.5080609551376840e+00;-4.2194073415977751e-01;0.0000000000000000e+00;4.2194073415977706e-01;2.5080609551376827e+00;0.0000000000000000e+00;
8.8999999999999844e+00;-2.5178417961111141e+00;3.8774834770703281e-01;0.0000000000000000e+00;-3.8774834770703287e-01;-2.5178417961111150e+00;0.0000000000000000e+00;2.5178417961111159e+00;-3.8774834770703259e-01;0.0000000000000000e+00;3.8774834770703215e-01;2.5178417961111146e+00;0.0000000000000000e+00;
8.9999999999999840e+00;-2.5267661725940846e+00;3.5342408071595921e-01;0.0000000000000000e+00;-3.5342408071595927e-01;-2.5267661725940855e+00;0.0000000000000000e+00;2.5267661725940864e+00;-3.5342408071595893e-01;0.0000000000000000e+00;3.5342408071595849e-01;2.5267661725940851e+00;0.0000000000000000e+00;
9.0999999999999837e+00;-2.5348349236732943e+00;3.1898014934585295e-01;0.0000000000000000e+00;-3.1898014934585300e-01;-2.5348349236732952e+00;0.0000000000000000e+00;2.5348349236732965e+00;-3.1898014934585261e-01;0.0000000000000000e+00;3.1898014934585217e-01;2.5348349236732948e+00;0.0000000000000000e+00;
9.1999999999999833e+00;-2.5420488021443846e+00;2.8442865426497971e-01;0.0000000000000000e+00;-2.8442865426497976e-01;-2.5420488021443854e+00;0.0000000000000000e+00;2.5420488021443868e+00;-2.8442865426497937e-01;0.0000000000000000e+00;2.8442865426497893e-01;2.5420488021443850e+00;0.0000000000000000e+00;
9.2999999999999829e+00;-2.5484084735859009e+00;2.4978159322612864e-01;0.0000000000000000e+00;-2.4978159322612870e-01;-2.5484084735859018e+00;0.0000000000000000e+00;2.5484084735859032e+00;-2.4978159322612828e-01;0.0000000000000000e+00;2.4978159322612783e-01;2.5484084735859014e+00;0.0000000000000000e+00;
9.3999999999999826e+00;-2.5539145155505336e+00;2.1505087339884366e-01;0.0000000000000000e+00;-2.1505087339884371e-01;-2.5539145155505345e+00;0.0000000000000000e+00;2.5539145155505358e+00;-2.1505087339884330e-01;0.0000000000000000e+00;2.1505087339884282e-01;2.5539145155505341e+00;0.0000000000000000e+00;
9.4999999999999822e+00;-2.5585674168650150e+00;1.8024832348859809e-01;0.0000000000000000e+00;-1.8024832348859815e-01;-2.5585674168650159e+00;0.0000000000000000e+00;2.5585674168650172e+00;-1.8024832348859771e-01;0.0000000000000000e+00;1.8024832348859723e-01;2.5585674168650154e+00;0.0000000000000000e+00;
9.5999999999999819e+00;-2.5623675770312748e+00;1.4538570567233594e-01;0.0000000000000000e+00;-1.4538570567233600e-01;-2.5623675770312757e+00;0.0000000000000000e+00;2.5623675770312775e+00;-1.4538570567233555e-01;0.0000000000000000e+00;1.4538570567233505e-01;2.5623675770312753e+00;0.0000000000000000e+00;
9.6999999999999815e+00;-2.5653153057225850e+00;1.1047472737908151e-01;0.0000000000000000e+00;-1.1047472737908157e-01;-2.5653153057225859e+00;0.0000000000000000e+00;2.5653153057225877e+00;-1.1047472737908111e-01;0.0000000000000000e+00;1.1047472737908060e-01;2.5653153057225855e+00;0.0000000000000000e+00;
9.7999999999999812e+00;-2.5674108223694985e+00;7.5527052943710815e-02;0.0000000000000000e+00;-7.5527052943710871e-02;-2.5674108223694994e+00;0.0000000000000000e+00;2.5674108223695011e+00;-7.5527052943710399e-02;0.0000000000000000e+00;7.5527052943709871e-02;2.5674108223694989e+00;0.0000000000000000e+00;
9.8999999999999808e+00;-2.5686542558314231e+00;4.0554315161482585e-02;0.0000000000000000e+00;-4.0554315161482647e-02;-2.5686542558314240e+00;0.0000000000000000e+00;2.5686542558314258e+00;-4.0554315161482155e-02;0.0000000000000000e+00;4.0554315161481620e-02;2.5686542558314236e+00;0.0000000000000000e+00;
9.9999999999999805e+00;-2.5690456441506524e+00;5.5681267705399093e-03;0.0000000000000000e+00;-5.5681267705399787e-03;-2.5690456441506533e+00;0.0000000000000000e+00;2.5690456441506551e+00;-5.5681267705394652e-03;0.0000000000000000e+00;5.5681267705389240e-03;2.5690456441506528e+00;0.0000000000000000e+00;
1.0099999999999980e+01;-2.5685849343866329e+00;-2.9419908110685372e-02;0.0000000000000000e+00;2.9419908110685303e-02;-2.5685849343866338e+00;0.0000000000000000e+00;2.5685849343866356e+00;2.9419908110685830e-02;0.0000000000000000e+00;-2.9419908110686385e-02;2.5685849343866334e+00;0.0000000000000000e+00;
1.0199999999999980e+01;-2.5672719825291916e+00;-6.4398182564406881e-02;0.0000000000000000e+00;6.4398182564406797e-02;-2.5672719825291925e+00;0.0000000000000000e+00;2.5672719825291943e+00;6.4398182564407352e-02;0.0000000000000000e+00;-6.4398182564407908e-02;2.5672719825291921e+00;0.0000000000000000e+00;
1.0299999999999979e+01;-2.5651065534903617e+00;-9.9355075446065838e-02;0.0000000000000000e+00;9.9355075446065741e-02;-2.5651065534903625e+00;0.0000000000000000e+00;2.5651065534903648e+00;9.9355075446066310e-02;0.0000000000000000e+00;-9.9355075446066879e-02;2.5651065534903621e+00;0.0000000000000000e+00;
1.0399999999999979e+01;-2.5620883211753833e+00;-1.3427893992183387e-01;0.0000000000000000e+00;1.3427893992183376e-01;-2.5620883211753842e+00;0.0000000000000000e+00;2.5620883211753864e+00;1.3427893992183434e-01;0.0000000000000000e+00;-1.3427893992183493e-01;2.5620883211753838e+00;0.0000000000000000e+00;
1.0499999999999979e+01;-2.5582168686343709e+00;-1.6915809194416759e-01;0.0000000000000000e+00;1.6915809194416748e-01;-2.5582168686343718e+00;0.0000000000000000e+00;2.5582168686343740e+00;1.6915809194416809e-01;0.0000000000000000e+00;-1.6915809194416867e-01;2.5582168686343714e+00;0.0000000000000000e+00;
1.0599999999999978e+01;-2.5534916882970955e+00;-2.0398079863829871e-01;0.0000000000000000e+00;2.0398079863829860e-01;-2.5534916882970964e+00;0.0000000000000000e+00;2.5534916882970986e+00;2.0398079863829921e-01;0.0000000000000000e+00;-2.0398079863829982e-01;2.5534916882970959e+00;0.0000000000000000e+00;
1.0699999999999978e+01;-2.5479121822942949e+00;-2.3873526657218891e-01;0.0000000000000000e+00;2.3873526657218880e-01;-2.5479121822942958e+00;0.0000000000000000e+00;2.5479121822942981e+00;2.3873526657218944e-01;0.0000000000000000e+00;-2.3873526657219005e-01;2.5479121822942954e+00;0.0000000000000000e+00;
1.0799999999999978e+01;-2.5414776628699287e+00;-2.7340962988201561e-01;0.0000000000000000e+00;2.7340962988201545e-01;-2.5414776628699296e+00;0.0000000000000000e+00;2.5414776628699318e+00;2.7340962988201611e-01;0.0000000000000000e+00;-2.7340962988201678e-01;2.5414776628699292e+00;0.0000000000000000e+00;
1.0899999999999977e+01;-2.5341873528898460e+00;-3.0799193822467985e-01;0.0000000000000000e+00;3.0799193822467963e-01;-2.5341873528898469e+00;0.0000000000000000e+00;2.5341873528898491e+00;3.0799193822468035e-01;0.0000000000000000e+00;-3.0799193822468102e-01;2.5341873528898464e+00;0.0000000000000000e+00;
1.0999999999999977e+01;-2.5260403864534329e+00;-3.4247014452813895e-01;0.0000000000000000e+00;3.4247014452813873e-01;-2.5260403864534338e+00;0.0000000000000000e+00;2.5260403864534360e+00;3.4247014452813945e-01;0.0000000000000000e+00;-3.4247014452814012e-01;2.5260403864534333e+00;0.0000000000000000e+00;
1.1099999999999977e+01;-2.5170358096159768e+00;-3.7683209250955979e-01;0.0000000000000000e+00;3.7683209250955951e-01;-2.5170358096159777e+00;0.0000000000000000e+00;2.5170358096159799e+00;3.7683209250956029e-01;0.0000000000000000e+00;-3.7683209250956096e-01;2.5170358096159773e+00;0.0000000000000000e+00;
1.1199999999999976e+01;-2.5071725812307291e+00;-4.1106550393035945e-01;0.0000000000000000e+00;4.1106550393035918e-01;-2.5071725812307299e+00;0.0000000000000000e+00;2.5071725812307322e+00;4.1106550393036001e-01;0.0000000000000000e+00;-4.1106550393036068e-01;2.5071725812307295e+00;0.0000000000000000e+00;
1.1299999999999976e+01;-2.4964495739209811e+00;-4.4515796555614540e-01;0.0000000000000000e+00;4.4515796555614512e-01;-2.4964495739209820e+00;0.0000000000000000e+00;2.4964495739209842e+00;4.4515796555614601e-01;0.0000000000000000e+00;-4.4515796555614667e-01;2.4964495739209815e+00;0.0000000000000000e+00;
1.1399999999999975e+01;-2.4848655751939117e+00;-4.7909691578837876e-01;0.0000000000000000e+00;4.7909691578837849e-01;-2.4848655751939126e+00;0.0000000000000000e+00;2.4848655751939148e+00;4.7909691578837937e-01;0.0000000000000000e+00;-4.7909691578838010e-01;2.4848655751939122e+00;0.0000000000000000e+00;
1.1499999999999975e+01;-2.4724192887095193e+00;-5.1286963093325966e-01;0.0000000000000000e+00;5.1286963093325943e-01;-2.4724192887095202e+00;0.0000000000000000e+00;2.4724192887095224e+00;5.1286963093326032e-01;0.0000000000000000e+00;-5.1286963093326099e-01;2.4724192887095198e+00;0.0000000000000000e+00;
1.1599999999999975e+01;-2.4591093357196478e+00;-5.4646321107186258e-01;0.0000000000000000e+00;5.4646321107186235e-01;-2.4591093357196487e+00;0.0000000000000000e+00;2.4591093357196510e+00;5.4646321107186324e-01;0.0000000000000000e+00;-5.4646321107186391e-01;2.4591093357196483e+00;0.0000000000000000e+00;
1.1699999999999974e+01;-2.4449342566939665e+00;-5.7986456549392740e-01;0.0000000000000000e+00;5.7986456549392718e-01;-2.4449342566939674e+00;0.0000000000000000e+00;2.4449342566939696e+00;5.7986456549392806e-01;0.0000000000000000e+00;-5.7986456549392873e-01;2.4449342566939669e+00;0.0000000000000000e+00;
1.1799999999999974e+01;-2.4298925131517861e+00;-6.1306039765592923e-01;0.0000000000000000e+00;6.1306039765592901e-01;-2.4298925131517870e+00;0.0000000000000000e+00;2.4298925131517892e+00;6.1306039765593001e-01;0.0000000000000000e+00;-6.1306039765593068e-01;2.4298925131517866e+00;0.0000000000000000e+00;
1.1899999999999974e+01;-2.4139824897208149e+00;-6.4603718962209955e-01;0.0000000000000000e+00;6.4603718962209933e-01;-2.4139824897208157e+00;0.0000000000000000e+00;2.4139824897208184e+00;6.4603718962210044e-01;0.0000000000000000e+00;-6.4603718962210110e-01;2.4139824897208153e+00;0.0000000000000000e+00;
1.1999999999999973e+01;-2.3972024964464089e+00;-6.7878118594494052e-01;0.0000000000000000e+00;6.7878118594494030e-01;-2.3972024964464098e+00;0.0000000000000000e+00;2.3972024964464125e+00;6.7878118594494141e-01;0.0000000000000000e+00;-6.7878118594494208e-01;2.3972024964464094e+00;0.0000000000000000e+00;
1.2099999999999973e+01;-2.3795507713775579e+00;-7.1127837693945872e-01;0.0000000000000000e+00;7.1127837693945839e-01;-2.3795507713775588e+00;0.0000000000000000e+00;2.3795507713775614e+00;7.1127837693945961e-01;0.0000000000000000e+00;-7.1127837693946028e-01;2.3795507713775583e+00;0.0000000000000000e+00;
1.2199999999999973e+01;-2.3610254834588389e+00;-7.4351448130282749e-01;0.0000000000000000e+00;7.4351448130282716e-01;-2.3610254834588398e+00;0.0000000000000000e+00;2.3610254834588424e+00;7.4351448130282838e-01;0.0000000000000000e+00;-7.4351448130282904e-01;2.3610254834588393e+00;0.0000000000000000e+00;
1.2299999999999972e+01;-2.3416247357608588e+00;-7.7547492802846196e-01;0.0000000000000000e+00;7.7547492802846152e-01;-2.3416247357608597e+00;0.0000000000000000e+00;2.3416247357608624e+00;7.7547492802846285e-01;0.0000000000000000e+00;-7.7547492802846352e-01;2.3416247357608593e+00;0.0000000000000000e+00;
1.2399999999999972e+01;-2.3213465690853652e+00;-8.0714483756054156e-01;0.0000000000000000e+00;8.0714483756054112e-01;-2.3213465690853661e+00;0.0000000000000000e+00;2.3213465690853687e+00;8.0714483756054245e-01;0.0000000000000000e+00;-8.0714483756054323e-01;2.3213465690853656e+00;0.0000000000000000e+00;
1.2499999999999972e+01;-2.3001889659852677e+00;-8.3850900213183577e-01;0.0000000000000000e+00;8.3850900213183532e-01;-2.3001889659852686e+00;0.0000000000000000e+00;2.3001889659852712e+00;8.3850900213183677e-01;0.0000000000000000e+00;-8.3850900213183754e-01;2.3001889659852681e+00;0.0000000000000000e+00;
1.2599999999999971e+01;-2.2781498552443207e+00;-8.6955186522425731e-01;0.0000000000000000e+00;8.6955186522425676e-01;-2.2781498552443216e+00;0.0000000000000000e+00;2.2781498552443242e+00;8.6955186522425831e-01;0.0000000000000000e+00;-8.6955186522425909e-01;2.2781498552443211e+00;0.0000000000000000e+00;
1.2699999999999971e+01;-2.2552271168662412e+00;-9.0025750008788064e-01;0.0000000000000000e+00;9.0025750008788008e-01;-2.2552271168662426e+00;0.0000000000000000e+00;2.2552271168662452e+00;9.0025750008788163e-01;0.0000000000000000e+00;-9.0025750008788241e-01;2.2552271168662417e+00;0.0000000000000000e+00;
1.2799999999999971e+01;-2.2314185876286339e+00;-9.3060958725020304e-01;0.0000000000000000e+00;9.3060958725020249e-01;-2.2314185876286352e+00;0.0000000000000000e+00;2.2314185876286379e+00;9.3060958725020404e-01;0.0000000000000000e+00;-9.3060958725020482e-01;2.2314185876286343e+00;0.0000000000000000e+00;
1.2899999999999970e+01;-2.2067220672633381e+00;-9.6059139094317780e-01;0.0000000000000000e+00;9.6059139094317725e-01;-2.2067220672633394e+00;0.0000000000000000e+00;2.2067220672633421e+00;9.6059139094317891e-01;0.0000000000000000e+00;-9.6059139094317969e-01;2.2067220672633385e+00;0.0000000000000000e+00;
1.2999999999999970e+01;-2.1811353253317858e+00;-9.9018573437100765e-01;0.0000000000000000e+00;9.9018573437100699e-01;-2.1811353253317871e+00;0.0000000000000000e+00;2.1811353253317898e+00;9.9018573437100876e-01;0.0000000000000000e+00;-9.9018573437100954e-01;2.1811353253317862e+00;0.0000000000000000e+00;
1.3099999999999969e+01;-2.1546561088717513e+00;-1.0193749737368323e+00;0.0000000000000000e+00;1.0193749737368316e+00;-2.1546561088717526e+00;0.0000000000000000e+00;2.1546561088717553e+00;1.0193749737368336e+00;0.0000000000000000e+00;-1.0193749737368343e+00;2.1546561088717517e+00;0.0000000000000000e+00;
1.3199999999999969e+01;-2.1272821509005966e+00;-1.0481409709412775e+00;0.0000000000000000e+00;1.0481409709412768e+00;-2.1272821509005979e+00;0.0000000000000000e+00;2.1272821509006006e+00;1.0481409709412788e+00;0.0000000000000000e+00;-1.0481409709412794e+00;2.1272821509005970e+00;0.0000000000000000e+00;
1.3299999999999969e+01;-2.0990111798698794e+00;-1.0764650648603333e+00;0.0000000000000000e+00;1.0764650648603327e+00;-2.0990111798698812e+00;0.0000000000000000e+00;2.0990111798698838e+00;1.0764650648603347e+00;0.0000000000000000e+00;-1.0764650648603353e+00;2.0990111798698798e+00;0.0000000000000000e+00;
1.3399999999999968e+01;-2.0698409301771448e+00;-1.1043280411042102e+00;0.0000000000000000e+00;1.1043280411042096e+00;-2.0698409301771465e+00;0.0000000000000000e+00;2.0698409301771492e+00;1.1043280411042116e+00;0.0000000000000000e+00;-1.1043280411042122e+00;2.0698409301771452e+00;0.0000000000000000e+00;
1.3499999999999968e+01;-2.0397691538529932e+00;-1.1317101001526644e+00;0.0000000000000000e+00;1.1317101001526637e+00;-2.0397691538529950e+00;0.0000000000000000e+00;2.0397691538529976e+00;1.1317101001526657e+00;0.0000000000000000e+00;-1.1317101001526664e+00;2.0397691538529936e+00;0.0000000000000000e+00;
1.3599999999999968e+01;-2.0087936335553223e+00;-1.1585908237558118e+00;0.0000000000000000e+00;1.1585908237558111e+00;-2.0087936335553240e+00;0.0000000000000000e+00;2.0087936335553267e+00;1.1585908237558131e+00;0.0000000000000000e+00;-1.1585908237558138e+00;2.0087936335553227e+00;0.0000000000000000e+00;
1.3699999999999967e+01;-1.9769121970181229e+00;-1.1849491394826637e+00;0.0000000000000000e+00;1.1849491394826630e+00;-1.9769121970181247e+00;0.0000000000000000e+00;1.9769121970181274e+00;1.1849491394826650e+00;0.0000000000000000e+00;-1.1849491394826657e+00;1.9769121970181234e+00;0.0000000000000000e+00;
1.3799999999999967e+01;-1.9441227331196520e+00;-1.2107632832925495e+00;0.0000000000000000e+00;1.2107632832925488e+00;-1.9441227331196538e+00;0.0000000000000000e+00;1.9441227331196564e+00;1.2107632832925508e+00;0.0000000000000000e+00;-1.2107632832925515e+00;1.9441227331196524e+00;0.0000000000000000e+00;
1.3899999999999967e+01;-1.9104232097544152e+00;-1.2360107599972752e+00;0.0000000000000000e+00;1.2360107599972745e+00;-1.9104232097544169e+00;0.0000000000000000e+00;1.9104232097544196e+00;1.2360107599972767e+00;0.0000000000000000e+00;-1.2360107599972774e+00;1.9104232097544156e+00;0.0000000000000000e+00;
1.3999999999999966e+01;-1.8758116937154934e+00;-1.2606683014743525e+00;0.0000000000000000e+00;1.2606683014743518e+00;-1.8758116937154954e+00;0.0000000000000000e+00;1.8758116937154981e+00;1.2606683014743540e+00;0.0000000000000000e+00;-1.2606683014743547e+00;1.8758116937154938e+00;0.0000000000000000e+00;
1.4099999999999966e+01;-1.8402863728186571e+00;-1.2847118224839980e+00;0.0000000000000000e+00;1.2847118224839973e+00;-1.8402863728186591e+00;0.0000000000000000e+00;1.8402863728186618e+00;1.2847118224839997e+00;0.0000000000000000e+00;-1.2847118224840004e+00;1.8402863728186576e+00;0.0000000000000000e+00;
1.4199999999999966e+01;-1.8038455805278044e+00;-1.3081163739349475e+00;0.0000000000000000e+00;1.3081163739349468e+00;-1.8038455805278064e+00;0.0000000000000000e+00;1.8038455805278091e+00;1.3081163739349493e+00;0.0000000000000000e+00;-1.3081163739349499e+00;1.8038455805278049e+00;0.0000000000000000e+00;
1.4299999999999965e+01;-1.7664878233729790e+00;-1.3308560934365778e+00;0.0000000000000000e+00;1.3308560934365772e+00;-1.7664878233729813e+00;0.0000000000000000e+00;1.7664878233729839e+00;1.3308560934365798e+00;0.0000000000000000e+00;-1.3308560934365805e+00;1.7664878233729797e+00;0.0000000000000000e+00;
1.4399999999999965e+01;-1.7282118114880387e+00;-1.3529041529675683e+00;0.0000000000000000e+00;1.3529041529675674e+00;-1.7282118114880409e+00;0.0000000000000000e+00;1.7282118114880436e+00;1.3529041529675703e+00;0.0000000000000000e+00;-1.3529041529675709e+00;1.7282118114880394e+00;0.0000000000000000e+00;
1.4499999999999964e+01;-1.6890164926355191e+00;-1.3742327034845743e+00;0.0000000000000000e+00;1.3742327034845734e+00;-1.6890164926355213e+00;0.0000000000000000e+00;1.6890164926355240e+00;1.3742327034845763e+00;0.0000000000000000e+00;-1.3742327034845769e+00;1.6890164926355198e+00;0.0000000000000000e+00;
1.4599999999999964e+01;-1.6489010901320071e+00;-1.3948128162884343e+00;0.0000000000000000e+00;1.3948128162884335e+00;-1.6489010901320096e+00;0.0000000000000000e+00;1.6489010901320122e+00;1.3948128162884363e+00;0.0000000000000000e+00;-1.3948128162884370e+00;1.6489010901320080e+00;0.0000000000000000e+00;
1.4699999999999964e+01;-1.6078651451390946e+00;-1.4146144209606377e+00;0.0000000000000000e+00;1.4146144209606368e+00;-1.6078651451390971e+00;0.0000000000000000e+00;1.6078651451390997e+00;1.4146144209606397e+00;0.0000000000000000e+00;-1.4146144209606404e+00;1.6078651451390955e+00;0.0000000000000000e+00;
1.4799999999999963e+01;-1.5659085638435544e+00;-1.4336062396796376e+00;0.0000000000000000e+00;1.4336062396796367e+00;-1.5659085638435568e+00;0.0000000000000000e+00;1.5659085638435595e+00;1.4336062396796396e+00;0.0000000000000000e+00;-1.4336062396796403e+00;1.5659085638435553e+00;0.0000000000000000e+00;
1.4899999999999963e+01;-1.5230316701166695e+00;-1.4517557177256843e+00;0.0000000000000000e+00;1.4517557177256832e+00;-1.5230316701166720e+00;0.0000000000000000e+00;1.5230316701166746e+00;1.4517557177256863e+00;0.0000000000000000e+00;-1.4517557177256870e+00;1.5230316701166704e+00;0.0000000000000000e+00;
1.4999999999999963e+01;-1.4792352643176783e+00;-1.4690289499849269e+00;0.0000000000000000e+00;1.4690289499849258e+00;-1.4792352643176807e+00;0.0000000000000000e+00;1.4792352643176834e+00;1.4690289499849289e+00;0.0000000000000000e+00;-1.4690289499849296e+00;1.4792352643176792e+00;0.0000000000000000e+00;
1.5099999999999962e+01;-1.4345206889912272e+00;-1.4853906032695443e+00;0.0000000000000000e+00;1.4853906032695432e+00;-1.4345206889912296e+00;0.0000000000000000e+00;1.4345206889912323e+00;1.4853906032695463e+00;0.0000000000000000e+00;-1.4853906032695472e+00;1.4345206889912281e+00;0.0000000000000000e+00;
1.5199999999999962e+01;-1.3888899023048493e+00;-1.5008038342817838e+00;0.0000000000000000e+00;1.5008038342817827e+00;-1.3888899023048518e+00;0.0000000000000000e+00;1.3888899023048544e+00;1.5008038342817858e+00;0.0000000000000000e+00;-1.5008038342817867e+00;1.3888899023048502e+00;0.0000000000000000e+00;
1.5299999999999962e+01;-1.3423455601812284e+00;-1.5152302030674969e+00;0.0000000000000000e+00;1.5152302030674958e+00;-1.3423455601812309e+00;0.0000000000000000e+00;1.3423455601812335e+00;1.5152302030674989e+00;0.0000000000000000e+00;-1.5152302030674998e+00;1.3423455601812293e+00;0.0000000000000000e+00;
1.5399999999999961e+01;-1.2948911082029664e+00;-1.5286295818309084e+00;0.0000000000000000e+00;1.5286295818309070e+00;-1.2948911082029690e+00;0.0000000000000000e+00;1.2948911082029717e+00;1.5286295818309104e+00;0.0000000000000000e+00;-1.5286295818309112e+00;1.2948911082029673e+00;0.0000000000000000e+00;
1.5499999999999961e+01;-1.2465308845064831e+00;-1.5409600590192172e+00;0.0000000000000000e+00;1.5409600590192158e+00;-1.2465308845064857e+00;0.0000000000000000e+00;1.2465308845064886e+00;1.5409600590192192e+00;0.0000000000000000e+00;-1.5409600590192201e+00;1.2465308845064840e+00;0.0000000000000000e+00;
1.5599999999999961e+01;-1.1972702350384101e+00;-1.5521778386360765e+00;0.0000000000000000e+00;1.5521778386360752e+00;-1.1972702350384128e+00;0.0000000000000000e+00;1.1972702350384157e+00;1.5521778386360785e+00;0.0000000000000000e+00;-1.5521778386360794e+00;1.1972702350384110e+00;0.0000000000000000e+00;
1.5699999999999960e+01;-1.1471156427244262e+00;-1.5622371348105455e+00;0.0000000000000000e+00;1.5622371348105442e+00;-1.1471156427244291e+00;0.0000000000000000e+00;1.1471156427244320e+00;1.5622371348105475e+00;0.0000000000000000e+00;-1.5622371348105484e+00;1.1471156427244273e+00;0.0000000000000000e+00;
1.5799999999999960e+01;-1.0960748722990028e+00;-1.5710900617371415e+00;0.0000000000000000e+00;1.5710900617371402e+00;-1.0960748722990057e+00;0.0000000000000000e+00;1.0960748722990086e+00;1.5710900617371435e+00;0.0000000000000000e+00;-1.5710900617371444e+00;1.0960748722990039e+00;0.0000000000000000e+00;
1.5899999999999959e+01;-1.0441571327671162e+00;-1.5786865192185422e+00;0.0000000000000000e+00;1.5786865192185409e+00;-1.0441571327671191e+00;0.0000000000000000e+00;1.0441571327671222e+00;1.5786865192185442e+00;0.0000000000000000e+00;-1.5786865192185451e+00;1.0441571327671173e+00;0.0000000000000000e+00;
1.5999999999999959e+01;-9.9137325971772383e-01;-1.5849740741919633e+00;0.0000000000000000e+00;1.5849740741919618e+00;-9.9137325971772672e-01;0.0000000000000000e+00;9.9137325971772994e-01;1.5849740741919653e+00;0.0000000000000000e+00;-1.5849740741919662e+00;9.9137325971772494e-01;0.0000000000000000e+00;
1.6099999999999959e+01;-9.3773591998552441e-01;-1.5898978388114722e+00;0.0000000000000000e+00;1.5898978388114706e+00;-9.3773591998552741e-01;0.0000000000000000e+00;9.3773591998553063e-01;1.5898978388114744e+00;0.0000000000000000e+00;-1.5898978388114753e+00;9.3773591998552563e-01;0.0000000000000000e+00;
1.6199999999999960e+01;-8.8325984146370706e-01;-1.5934003459015575e+00;0.0000000000000000e+00;1.5934003459015560e+00;-8.8325984146371017e-01;0.0000000000000000e+00;8.8325984146371339e-01;1.5934003459015600e+00;0.0000000000000000e+00;-1.5934003459015609e+00;8.8325984146370828e-01;0.0000000000000000e+00;
1.6299999999999962e+01;-8.2796207120673992e-01;-1.5954214229044674e+00;0.0000000000000000e+00;1.5954214229044659e+00;-8.2796207120674303e-01;0.0000000000000000e+00;8.2796207120674636e-01;1.5954214229044701e+00;0.0000000000000000e+00;-1.5954214229044710e+00;8.2796207120674115e-01;0.0000000000000000e+00;
1.6399999999999963e+01;-7.7186226532835855e-01;-1.5958980658301689e+00;0.0000000000000000e+00;1.5958980658301674e+00;-7.7186226532836177e-01;0.0000000000000000e+00;7.7186226532836510e-01;1.5958980658301716e+00;0.0000000000000000e+00;-1.5958980658301727e+00;7.7186226532835978e-01;0.0000000000000000e+00;
1.6499999999999964e+01;-7.1498301459361790e-01;-1.5947643152014725e+00;0.0000000000000000e+00;1.5947643152014708e+00;-7.1498301459362112e-01;0.0000000000000000e+00;7.1498301459362457e-01;1.5947643152014752e+00;0.0000000000000000e+00;-1.5947643152014763e+00;7.1498301459361913e-01;0.0000000000000000e+00;
1.6599999999999966e+01;-6.5735021002045069e-01;-1.5919511365898691e+00;0.0000000000000000e+00;1.5919511365898671e+00;-6.5735021002045402e-01;0.0000000000000000e+00;6.5735021002045757e-01;1.5919511365898718e+00;0.0000000000000000e+00;-1.5919511365898729e+00;6.5735021002045191e-01;0.0000000000000000e+00;
1.6699999999999967e+01;-5.9899345323721842e-01;-1.5873863090862688e+00;0.0000000000000000e+00;1.5873863090862668e+00;-5.9899345323722186e-01;0.0000000000000000e+00;5.9899345323722553e-01;1.5873863090862717e+00;0.0000000000000000e+00;-1.5873863090862728e+00;5.9899345323721975e-01;0.0000000000000000e+00;
1.6799999999999969e+01;-5.3994651677462702e-01;-1.5809943259763588e+00;0.0000000000000000e+00;1.5809943259763566e+00;-5.3994651677463046e-01;0.0000000000000000e+00;5.3994651677463423e-01;1.5809943259763617e+00;0.0000000000000000e+00;-1.5809943259763628e+00;5.3994651677462835e-01;0.0000000000000000e+00;
1.6899999999999970e+01;-4.8024785988225205e-01;-1.5726963130294058e+00;0.0000000000000000e+00;1.5726963130294036e+00;-4.8024785988225555e-01;0.0000000000000000e+00;4.8024785988225943e-01;1.5726963130294089e+00;0.0000000000000000e+00;-1.5726963130294100e+00;4.8024785988225338e-01;0.0000000000000000e+00;
1.6999999999999972e+01;-4.1994120582099870e-01;-1.5624099712044985e+00;0.0000000000000000e+00;1.5624099712044963e+00;-4.1994120582100225e-01;0.0000000000000000e+00;4.1994120582100625e-01;1.5624099712045016e+00;0.0000000000000000e+00;-1.5624099712045028e+00;4.1994120582100003e-01;0.0000000000000000e+00;
1.7099999999999973e+01;-3.5907618684889869e-01;-1.5500495522775906e+00;0.0000000000000000e+00;1.5500495522775883e+00;-3.5907618684890230e-01;0.0000000000000000e+00;3.5907618684890641e-01;1.5500495522775939e+00;0.0000000000000000e+00;-1.5500495522775950e+00;3.5907618684890008e-01;0.0000000000000000e+00;
1.7199999999999974e+01;-2.9770906322658913e-01;-1.5355258779494561e+00;0.0000000000000000e+00;1.5355258779494538e+00;-2.9770906322659280e-01;0.0000000000000000e+00;2.9770906322659701e-01;1.5355258779494594e+00;0.0000000000000000e+00;-1.5355258779494605e+00;2.9770906322659052e-01;0.0000000000000000e+00;
1.7299999999999976e+01;-2.3590352243486959e-01;-1.5187464154651056e+00;0.0000000000000000e+00;1.5187464154651034e+00;-2.3590352243487334e-01;0.0000000000000000e+00;2.3590352243487767e-01;1.5187464154651089e+00;0.0000000000000000e+00;-1.5187464154651102e+00;2.3590352243487100e-01;0.0000000000000000e+00;
1.7399999999999977e+01;-1.7373156430353306e-01;-1.4996154257154009e+00;0.0000000000000000e+00;1.4996154257153986e+00;-1.7373156430353687e-01;0.0000000000000000e+00;1.7373156430354134e-01;1.4996154257154042e+00;0.0000000000000000e+00;-1.4996154257154055e+00;1.7373156430353451e-01;0.0000000000000000e+00;
1.7499999999999979e+01;-1.1127447674286851e-01;-1.4780342032511815e+00;0.0000000000000000e+00;1.4780342032511793e+00;-1.1127447674287239e-01;0.0000000000000000e+00;1.1127447674287701e-01;1.4780342032511851e+00;0.0000000000000000e+00;-1.4780342032511864e+00;1.1127447674287000e-01;0.0000000000000000e+00;
1.7599999999999980e+01;-4.8623905043011284e-02;-1.4539014316526766e+00;0.0000000000000000e+00;1.4539014316526744e+00;-4.8623905043015239e-02;0.0000000000000000e+00;4.8623905043019999e-02;1.4539014316526802e+00;0.0000000000000000e+00;-1.4539014316526817e+00;4.8623905043012797e-02;0.0000000000000000e+00;
1.7699999999999982e+01;1.4116985000750260e-02;-1.4271136822644157e+00;0.0000000000000000e+00;1.4271136822644133e+00;1.4116985000746221e-02;0.0000000000000000e+00;-1.4116985000741308e-02;1.4271136822644193e+00;0.0000000000000000e+00;-1.4271136822644208e+00;-1.4116985000748719e-02;0.0000000000000000e+00;
1.7799999999999983e+01;7.6832253896908148e-02;-1.3975660893765576e+00;0.0000000000000000e+00;1.3975660893765551e+00;7.6832253896904013e-02;0.0000000000000000e+00;-7.6832253896898933e-02;1.3975660893765611e+00;0.0000000000000000e+00;-1.3975660893765629e+00;-7.6832253896906566e-02;0.0000000000000000e+00;
1.7899999999999984e+01;1.3939185469530657e-01;-1.3651532403697126e+00;0.0000000000000000e+00;1.3651532403697102e+00;1.3939185469530233e-01;0.0000000000000000e+00;-1.3939185469529708e-01;1.3651532403697164e+00;0.0000000000000000e+00;-1.3651532403697182e+00;-1.3939185469530496e-01;0.0000000000000000e+00;
1.7999999999999986e+01;2.0165023607592777e-01;-1.3297703248738015e+00;0.0000000000000000e+00;1.3297703248737989e+00;2.0165023607592342e-01;0.0000000000000000e+00;-2.0165023607591800e-01;1.3297703248738053e+00;0.0000000000000000e+00;-1.3297703248738071e+00;-2.0165023607592614e-01;0.0000000000000000e+00;
1.8099999999999987e+01;2.6344491037069867e-01;-1.2913145921653055e+00;0.0000000000000000e+00;1.2913145921653029e+00;2.6344491037069417e-01;0.0000000000000000e+00;-2.6344491037068862e-01;1.2913145921653095e+00;0.0000000000000000e+00;-1.2913145921653113e+00;-2.6344491037069701e-01;0.0000000000000000e+00;
1.8199999999999989e+01;3.2459502854891731e-01;-1.2496871701228227e+00;0.0000000000000000e+00;1.2496871701228198e+00;3.2459502854891270e-01;0.0000000000000000e+00;-3.2459502854890698e-01;1.2496871701228267e+00;0.0000000000000000e+00;-1.2496871701228285e+00;-3.2459502854891564e-01;0.0000000000000000e+00;
1.8299999999999990e+01;3.8490002194118289e-01;-1.2047953010137604e+00;0.0000000000000000e+00;1.2047953010137573e+00;3.8490002194117812e-01;0.0000000000000000e+00;-3.8490002194117223e-01;1.2047953010137644e+00;0.0000000000000000e+00;-1.2047953010137662e+00;-3.8490002194118117e-01;0.0000000000000000e+00;
1.8399999999999991e+01;4.4413839234243691e-01;-1.1565550476998434e+00;0.0000000000000000e+00;1.1565550476998403e+00;4.4413839234243202e-01;0.0000000000000000e+00;-4.4413839234242591e-01;1.1565550476998476e+00;0.0000000000000000e+00;-1.1565550476998494e+00;-4.4413839234243513e-01;0.0000000000000000e+00;
1.8499999999999993e+01;5.0206675806825307e-01;-1.1048945165337418e+00;0.0000000000000000e+00;1.1048945165337387e+00;5.0206675806824808e-01;0.0000000000000000e+00;-5.0206675806824164e-01;1.1048945165337463e+00;0.0000000000000000e+00;-1.1048945165337480e+00;-5.0206675806825118e-01;0.0000000000000000e+00;
1.8599999999999994e+01;5.5841929281881963e-01;-1.0497576277765297e+00;0.0000000000000000e+00;1.0497576277765264e+00;5.5841929281881442e-01;0.0000000000000000e+00;-5.5841929281880776e-01;1.0497576277765341e+00;0.0000000000000000e+00;-1.0497576277765361e+00;-5.5841929281881764e-01;0.0000000000000000e+00;
1.8699999999999996e+01;6.1290772506447266e-01;-9.9110843790205261e-01;0.0000000000000000e+00;9.9110843790204917e-01;6.1290772506446722e-01;0.0000000000000000e+00;-6.1290772506446034e-01;9.9110843790205716e-01;0.0000000000000000e+00;-9.9110843790205927e-01;-6.1290772506447055e-01;0.0000000000000000e+00;
1.8799999999999997e+01;6.6522209484614581e-01;-9.2893597768519676e-01;0.0000000000000000e+00;9.2893597768519309e-01;6.6522209484614014e-01;0.0000000000000000e+00;-6.6522209484613304e-01;9.2893597768520142e-01;0.0000000000000000e+00;-9.2893597768520364e-01;-6.6522209484614370e-01;0.0000000000000000e+00;
1.8899999999999999e+01;7.1503248720265067e-01;-8.6325951302161685e-01;0.0000000000000000e+00;8.6325951302161308e-01;7.1503248720264478e-01;0.0000000000000000e+00;-7.1503248720263746e-01;8.6325951302162163e-01;0.0000000000000000e+00;-8.6325951302162407e-01;-7.1503248720264856e-01;0.0000000000000000e+00;
1.9000000000000000e+01;7.6199196953446580e-01;-7.9413406100812844e-01;0.0000000000000000e+00;7.9413406100812445e-01;7.6199196953445969e-01;0.0000000000000000e+00;-7.6199196953445203e-01;7.9413406100813333e-01;0.0000000000000000e+00;-7.9413406100813599e-01;-7.6199196953446358e-01;0.0000000000000000e+00;
1.9100000000000001e+01;8.0574094472811630e-01;-7.2165590379037048e-01;0.0000000000000000e+00;7.2165590379036637e-01;8.0574094472810998e-01;0.0000000000000000e+00;-8.0574094472810198e-01;7.2165590379037559e-01;0.0000000000000000e+00;-7.2165590379037836e-01;-8.0574094472811408e-01;0.0000000000000000e+00;
1.9200000000000003e+01;8.4591308238112650e-01;-6.4596774338961360e-01;0.0000000000000000e+00;6.4596774338960916e-01;8.4591308238111995e-01;0.0000000000000000e+00;-8.4591308238111163e-01;6.4596774338961882e-01;0.0000000000000000e+00;-6.4596774338962182e-01;-8.4591308238112428e-01;0.0000000000000000e+00;
1.9300000000000004e+01;8.8214289757905850e-01;-5.6726304441244502e-01;0.0000000000000000e+00;5.6726304441244024e-01;8.8214289757905173e-01;0.0000000000000000e+00;-8.8214289757904307e-01;5.6726304441245046e-01;0.0000000000000000e+00;-5.6726304441245357e-01;-8.8214289757905628e-01;0.0000000000000000e+00;
1.9400000000000006e+01;9.1407490530431057e-01;-4.8578903698981657e-01;0.0000000000000000e+00;4.8578903698981152e-01;9.1407490530430346e-01;0.0000000000000000e+00;-9.1407490530429436e-01;4.8578903698982223e-01;0.0000000000000000e+00;-4.8578903698982551e-01;-9.1407490530430824e-01;0.0000000000000000e+00;
1.9500000000000007e+01;9.4137409218688683e-01;-4.0184782347726922e-01;0.0000000000000000e+00;4.0184782347726378e-01;9.4137409218687940e-01;0.0000000000000000e+00;-9.4137409218686985e-01;4.0184782347727510e-01;0.0000000000000000e+00;-4.0184782347727854e-01;-9.4137409218688439e-01;0.0000000000000000e+00;
1.9600000000000009e+01;9.6373723205211359e-01;-3.1579507455161882e-01;0.0000000000000000e+00;3.1579507455161299e-01;9.6373723205210571e-01;0.0000000000000000e+00;-9.6373723205209572e-01;3.1579507455162492e-01;0.0000000000000000e+00;-3.1579507455162853e-01;-9.6373723205211104e-01;0.0000000000000000e+00;
1.9700000000000010e+01;9.8090435828888267e-01;-2.2803593268016037e-01;0.0000000000000000e+00;2.2803593268015412e-01;9.8090435828887435e-01;0.0000000000000000e+00;-9.8090435828886391e-01;2.2803593268016675e-01;0.0000000000000000e+00;-2.2803593268017053e-01;-9.8090435828888001e-01;0.0000000000000000e+00;
1.9800000000000011e+01;9.9266953737873187e-01;-1.3901796811017497e-01;0.0000000000000000e+00;1.3901796811016826e-01;9.9266953737872299e-01;0.0000000000000000e+00;-9.9266953737871211e-01;1.3901796811018163e-01;0.0000000000000000e+00;-1.3901796811018557e-01;-9.9266953737872898e-01;0.0000000000000000e+00;
1.9900000000000013e+01;9.9889001089634344e-01;-4.9221336635892843e-02;0.0000000000000000e+00;4.9221336635885626e-02;9.9889001089633400e-01;0.0000000000000000e+00;-9.9889001089632268e-01;4.9221336635899809e-02;0.0000000000000000e+00;-4.9221336635903945e-02;-9.9889001089634033e-01;0.0000000000000000e+00;
2.0000000000000014e+01;9.9949282545167240e-01;4.0853373481116409e-02;0.0000000000000000e+00;-4.0853373481124153e-02;9.9949282545166240e-01;0.0000000000000000e+00;-9.9949282545165052e-01;-4.0853373481109109e-02;0.0000000000000000e+00;4.0853373481104752e-02;-9.9949282545166906e-01;0.0000000000000000e+00;
