time;r_1_1;r_1_2;r_1_3;r_2_1;r_2_2;r_2_3;r_3_1;r_3_2;r_3_3;r_4_1;r_4_2;r_4_3
1.0000000149011612e-01;9.9718779325485229e-01;8.9999996125698090e-02;0.0000000000000000e+00;-8.9999996125698090e-02;9.9718779325485229e-01;0.0000000000000000e+00;-9.9718779325485229e-01;-8.9999996125698090e-02;0.0000000000000000e+00;8.9999996125698090e-02;-9.9718779325485229e-01;0.0000000000000000e+00;
2.0000000298023224e-01;9.8878651857376099e-01;1.7949551343917847e-01;0.0000000000000000e+00;-1.7949551343917847e-01;9.8878651857376099e-01;0.0000000000000000e+00;-9.8878651857376099e-01;-1.7949551343917847e-01;0.0000000000000000e+00;1.7949551343917847e-01;-9.8878651857376099e-01;0.0000000000000000e+00;
3.0000001192092896e-01;9.7490459680557251e-01;2.6799511909484863e-01;0.0000000000000000e+00;-2.6799511909484863e-01;9.7490459680557251e-01;0.0000000000000000e+00;-9.7490459680557251e-01;-2.6799511909484863e-01;0.0000000000000000e+00;2.6799511909484863e-01;-9.7490459680557251e-01;0.0000000000000000e+00;
4.0000000596046448e-01;9.5571708679199219e-01;3.5503432154655457e-01;0.0000000000000000e+00;-3.5503432154655457e-01;9.5571708679199219e-01;0.0000000000000000e+00;-9.5571708679199219e-01;-3.5503432154655457e-01;0.0000000000000000e+00;3.5503432154655457e-01;-9.5571708679199219e-01;0.0000000000000000e+00;
5.0000000000000000e-01;9.3145751953125000e-01;4.4018653035163879e-01;0.0000000000000000e+00;-4.4018653035163879e-01;9.3145751953125000e-01;0.0000000000000000e+00;-9.3145751953125000e-01;-4.4018653035163879e-01;0.0000000000000000e+00;4.4018653035163879e-01;-9.3145751953125000e-01;0.0000000000000000e+00;
6.0000002384185791e-01;9.0240794420242310e-01;5.2307146787643433e-01;0.0000000000000000e+00;-5.2307146787643433e-01;9.0240794420242310e-01;0.0000000000000000e+00;-9.0240794420242310e-01;-5.2307146787643433e-01;0.0000000000000000e+00;5.2307146787643433e-01;-9.0240794420242310e-01;0.0000000000000000e+00;
7.0000004768371582e-01;8.6888754367828369e-01;6.0336053371429443e-01;0.0000000000000000e+00;-6.0336053371429443e-01;8.6888754367828369e-01;0.0000000000000000e+00;-8.6888754367828369e-01;-6.0336053371429443e-01;0.0000000000000000e+00;6.0336053371429443e-01;-8.6888754367828369e-01;0.0000000000000000e+00;
8.0000007152557373e-01;8.3124130964279175e-01;6.8077957630157471e-01;0.0000000000000000e+00;-6.8077957630157471e-01;8.3124130964279175e-01;0.0000000000000000e+00;-8.3124130964279175e-01;-6.8077957630157471e-01;0.0000000000000000e+00;6.8077957630157471e-01;-8.3124130964279175e-01;0.0000000000000000e+00;
9.0000009536743164e-01;7.8982913494110107e-01;7.5510865449905396e-01;0.0000000000000000e+00;-7.5510865449905396e-01;7.8982913494110107e-01;0.0000000000000000e+00;-7.8982913494110107e-01;-7.5510865449905396e-01;0.0000000000000000e+00;7.5510865449905396e-01;-7.8982913494110107e-01;0.0000000000000000e+00;
1.0000001192092896e+00;7.4501603841781616e-01;8.2618010044097900e-01;0.0000000000000000e+00;-8.2618010044097900e-01;7.4501603841781616e-01;0.0000000000000000e+00;-7.4501603841781616e-01;-8.2618010044097900e-01;0.0000000000000000e+00;8.2618010044097900e-01;-7.4501603841781616e-01;0.0000000000000000e+00;
1.1000001430511475e+00;6.9716370105743408e-01;8.9387452602386475e-01;0.0000000000000000e+00;-8.9387452602386475e-01;6.9716370105743408e-01;0.0000000000000000e+00;-6.9716370105743408e-01;-8.9387452602386475e-01;0.0000000000000000e+00;8.9387452602386475e-01;-6.9716370105743408e-01;0.0000000000000000e+00;
1.2000001668930054e+00;6.4662402868270874e-01;9.5811623334884644e-01;0.0000000000000000e+00;-9.5811623334884644e-01;6.4662402868270874e-01;0.0000000000000000e+00;-6.4662402868270874e-01;-9.5811623334884644e-01;0.0000000000000000e+00;9.5811623334884644e-01;-6.4662402868270874e-01;0.0000000000000000e+00;
1.3000001907348633e+00;5.9373390674591064e-01;1.0188677310943604e+00;0.0000000000000000e+00;-1.0188677310943604e+00;5.9373390674591064e-01;0.0000000000000000e+00;-5.9373390674591064e-01;-1.0188677310943604e+00;0.0000000000000000e+00;1.0188677310943604e+00;-5.9373390674591064e-01;0.0000000000000000e+00;
1.4000002145767212e+00;5.3881174325942993e-01;1.0761241912841797e+00;0.0000000000000000e+00;-1.0761241912841797e+00;5.3881174325942993e-01;0.0000000000000000e+00;-5.3881174325942993e-01;-1.0761241912841797e+00;0.0000000000000000e+00;1.0761241912841797e+00;-5.3881174325942993e-01;0.0000000000000000e+00;
1.5000002384185791e+00;4.8215523362159729e-01;1.1299082040786743e+00;0.0000000000000000e+00;-1.1299082040786743e+00;4.8215523362159729e-01;0.0000000000000000e+00;-4.8215523362159729e-01;-1.1299082040786743e+00;0.0000000000000000e+00;1.1299082040786743e+00;-4.8215523362159729e-01;0.0000000000000000e+00;
1.6000002622604370e+00;4.2403998970985413e-01;1.1802648305892944e+00;0.0000000000000000e+00;-1.1802648305892944e+00;4.2403998970985413e-01;0.0000000000000000e+00;-4.2403998970985413e-01;-1.1802648305892944e+00;0.0000000000000000e+00;1.1802648305892944e+00;-4.2403998970985413e-01;0.0000000000000000e+00;
1.7000002861022949e+00;3.6471936106681824e-01;1.2272567749023438e+00;0.0000000000000000e+00;-1.2272567749023438e+00;3.6471936106681824e-01;0.0000000000000000e+00;-3.6471936106681824e-01;-1.2272567749023438e+00;0.0000000000000000e+00;1.2272567749023438e+00;-3.6471936106681824e-01;0.0000000000000000e+00;
1.8000003099441528e+00;3.0442470312118530e-01;1.2709605693817139e+00;0.0000000000000000e+00;-1.2709605693817139e+00;3.0442470312118530e-01;0.0000000000000000e+00;-3.0442470312118530e-01;-1.2709605693817139e+00;0.0000000000000000e+00;1.2709605693817139e+00;-3.0442470312118530e-01;0.0000000000000000e+00;
1.9000003337860107e+00;2.4336613714694977e-01;1.3114629983901978e+00;0.0000000000000000e+00;-1.3114629983901978e+00;2.4336613714694977e-01;0.0000000000000000e+00;-2.4336613714694977e-01;-1.3114629983901978e+00;0.0000000000000000e+00;1.3114629983901978e+00;-2.4336613714694977e-01;0.0000000000000000e+00;
2.0000002384185791e+00;1.8173359334468842e-01;1.3488584756851196e+00;0.0000000000000000e+00;-1.3488584756851196e+00;1.8173359334468842e-01;0.0000000000000000e+00;-1.8173359334468842e-01;-1.3488584756851196e+00;0.0000000000000000e+00;1.3488584756851196e+00;-1.8173359334468842e-01;0.0000000000000000e+00;
2.1000001430511475e+00;1.1969816684722900e-01;1.3832463026046753e+00;0.0000000000000000e+00;-1.3832463026046753e+00;1.1969816684722900e-01;0.0000000000000000e+00;-1.1969816684722900e-01;-1.3832463026046753e+00;0.0000000000000000e+00;1.3832463026046753e+00;-1.1969816684722900e-01;0.0000000000000000e+00;
2.2000000476837158e+00;5.7413440197706223e-02;1.4147286415100098e+00;0.0000000000000000e+00;-1.4147286415100098e+00;5.7413440197706223e-02;0.0000000000000000e+00;-5.7413440197706223e-02;-1.4147286415100098e+00;0.0000000000000000e+00;1.4147286415100098e+00;-5.7413440197706223e-02;0.0000000000000000e+00;
2.2999999523162842e+00;-4.9830633215606213e-03;1.4434092044830322e+00;0.0000000000000000e+00;-1.4434092044830322e+00;-4.9830633215606213e-03;0.0000000000000000e+00;4.9830633215606213e-03;-1.4434092044830322e+00;0.0000000000000000e+00;1.4434092044830322e+00;4.9830633215606213e-03;0.0000000000000000e+00;
2.3999998569488525e+00;-6.7368499934673309e-02;1.4693917036056519e+00;0.0000000000000000e+00;-1.4693917036056519e+00;-6.7368499934673309e-02;0.0000000000000000e+00;6.7368499934673309e-02;-1.4693917036056519e+00;0.0000000000000000e+00;1.4693917036056519e+00;6.7368499934673309e-02;0.0000000000000000e+00;
2.4999997615814209e+00;-1.2963335216045380e-01;1.4927787780761719e+00;0.0000000000000000e+00;-1.4927787780761719e+00;-1.2963335216045380e-01;0.0000000000000000e+00;1.2963335216045380e-01;-1.4927787780761719e+00;0.0000000000000000e+00;1.4927787780761719e+00;1.2963335216045380e-01;0.0000000000000000e+00;
2.5999996662139893e+00;-1.9168014824390411e-01;1.5136715173721313e+00;0.0000000000000000e+00;-1.5136715173721313e+00;-1.9168014824390411e-01;0.0000000000000000e+00;1.9168014824390411e-01;-1.5136715173721313e+00;0.0000000000000000e+00;1.5136715173721313e+00;1.9168014824390411e-01;0.0000000000000000e+00;
2.6999995708465576e+00;-2.5342226028442383e-01;1.5321687459945679e+00;0.0000000000000000e+00;-1.5321687459945679e+00;-2.5342226028442383e-01;0.0000000000000000e+00;2.5342226028442383e-01;-1.5321687459945679e+00;0.0000000000000000e+00;1.5321687459945679e+00;2.5342226028442383e-01;0.0000000000000000e+00;
2.7999994754791260e+00;-3.1478279829025269e-01;1.5483664274215698e+00;0.0000000000000000e+00;-1.5483664274215698e+00;-3.1478279829025269e-01;0.0000000000000000e+00;3.1478279829025269e-01;-1.5483664274215698e+00;0.0000000000000000e+00;1.5483664274215698e+00;3.1478279829025269e-01;0.0000000000000000e+00;
2.8999993801116943e+00;-3.7569364905357361e-01;1.5623576641082764e+00;0.0000000000000000e+00;-1.5623576641082764e+00;-3.7569364905357361e-01;0.0000000000000000e+00;3.7569364905357361e-01;-1.5623576641082764e+00;0.0000000000000000e+00;1.5623576641082764e+00;3.7569364905357361e-01;0.0000000000000000e+00;
2.9999992847442627e+00;-4.3609449267387390e-01;1.5742322206497192e+00;0.0000000000000000e+00;-1.5742322206497192e+00;-4.3609449267387390e-01;0.0000000000000000e+00;4.3609449267387390e-01;-1.5742322206497192e+00;0.0000000000000000e+00;1.5742322206497192e+00;4.3609449267387390e-01;0.0000000000000000e+00;
3.0999991893768311e+00;-4.9593198299407959e-01;1.5840765237808228e+00;0.0000000000000000e+00;-1.5840765237808228e+00;-4.9593198299407959e-01;0.0000000000000000e+00;4.9593198299407959e-01;-1.5840765237808228e+00;0.0000000000000000e+00;1.5840765237808228e+00;4.9593198299407959e-01;0.0000000000000000e+00;
3.1999990940093994e+00;-5.5515903234481812e-01;1.5919737815856934e+00;0.0000000000000000e+00;-1.5919737815856934e+00;-5.5515903234481812e-01;0.0000000000000000e+00;5.5515903234481812e-01;-1.5919737815856934e+00;0.0000000000000000e+00;1.5919737815856934e+00;5.5515903234481812e-01;0.0000000000000000e+00;
3.2999989986419678e+00;-6.1373412609100342e-01;1.5980037450790405e+00;0.0000000000000000e+00;-1.5980037450790405e+00;-6.1373412609100342e-01;0.0000000000000000e+00;6.1373412609100342e-01;-1.5980037450790405e+00;0.0000000000000000e+00;1.5980037450790405e+00;6.1373412609100342e-01;0.0000000000000000e+00;
3.3999989032745361e+00;-6.7162066698074341e-01;1.6022429466247559e+00;0.0000000000000000e+00;-1.6022429466247559e+00;-6.7162066698074341e-01;0.0000000000000000e+00;6.7162066698074341e-01;-1.6022429466247559e+00;0.0000000000000000e+00;1.6022429466247559e+00;6.7162066698074341e-01;0.0000000000000000e+00;
3.4999988079071045e+00;-7.2878652811050415e-01;1.6047644615173340e+00;0.0000000000000000e+00;-1.6047644615173340e+00;-7.2878652811050415e-01;0.0000000000000000e+00;7.2878652811050415e-01;-1.6047644615173340e+00;0.0000000000000000e+00;1.6047644615173340e+00;7.2878652811050415e-01;0.0000000000000000e+00;
3.5999987125396729e+00;-7.8520345687866211e-01;1.6056382656097412e+00;0.0000000000000000e+00;-1.6056382656097412e+00;-7.8520345687866211e-01;0.0000000000000000e+00;7.8520345687866211e-01;-1.6056382656097412e+00;0.0000000000000000e+00;1.6056382656097412e+00;7.8520345687866211e-01;0.0000000000000000e+00;
3.6999986171722412e+00;-8.4084671735763550e-01;1.6049312353134155e+00;0.0000000000000000e+00;-1.6049312353134155e+00;-8.4084671735763550e-01;0.0000000000000000e+00;8.4084671735763550e-01;-1.6049312353134155e+00;0.0000000000000000e+00;1.6049312353134155e+00;8.4084671735763550e-01;0.0000000000000000e+00;
3.7999985218048096e+00;-8.9569473266601562e-01;1.6027072668075562e+00;0.0000000000000000e+00;-1.6027072668075562e+00;-8.9569473266601562e-01;0.0000000000000000e+00;8.9569473266601562e-01;-1.6027072668075562e+00;0.0000000000000000e+00;1.6027072668075562e+00;8.9569473266601562e-01;0.0000000000000000e+00;
3.8999984264373779e+00;-9.4972860813140869e-01;1.5990275144577026e+00;0.0000000000000000e+00;-1.5990275144577026e+00;-9.4972860813140869e-01;0.0000000000000000e+00;9.4972860813140869e-01;-1.5990275144577026e+00;0.0000000000000000e+00;1.5990275144577026e+00;9.4972860813140869e-01;0.0000000000000000e+00;
3.9999983310699463e+00;-1.0029320716857910e+00;1.5939503908157349e+00;0.0000000000000000e+00;-1.5939503908157349e+00;-1.0029320716857910e+00;0.0000000000000000e+00;1.0029320716857910e+00;-1.5939503908157349e+00;0.0000000000000000e+00;1.5939503908157349e+00;1.0029320716857910e+00;0.0000000000000000e+00;
4.0999984741210938e+00;-1.0552908182144165e+00;1.5875315666198730e+00;0.0000000000000000e+00;-1.5875315666198730e+00;-1.0552908182144165e+00;0.0000000000000000e+00;1.0552908182144165e+00;-1.5875315666198730e+00;0.0000000000000000e+00;1.5875315666198730e+00;1.0552908182144165e+00;0.0000000000000000e+00;
4.1999983787536621e+00;-1.1067926883697510e+00;1.5798243284225464e+00;0.0000000000000000e+00;-1.5798243284225464e+00;-1.1067926883697510e+00;0.0000000000000000e+00;1.1067926883697510e+00;-1.5798243284225464e+00;0.0000000000000000e+00;1.5798243284225464e+00;1.1067926883697510e+00;0.0000000000000000e+00;
4.2999982833862305e+00;-1.1574271917343140e+00;1.5708796977996826e+00;0.0000000000000000e+00;-1.5708796977996826e+00;-1.1574271917343140e+00;0.0000000000000000e+00;1.1574271917343140e+00;-1.5708796977996826e+00;0.0000000000000000e+00;1.5708796977996826e+00;1.1574271917343140e+00;0.0000000000000000e+00;
4.3999981880187988e+00;-1.2071853876113892e+00;1.5607461929321289e+00;0.0000000000000000e+00;-1.5607461929321289e+00;-1.2071853876113892e+00;0.0000000000000000e+00;1.2071853876113892e+00;-1.5607461929321289e+00;0.0000000000000000e+00;1.5607461929321289e+00;1.2071853876113892e+00;0.0000000000000000e+00;
4.4999980926513672e+00;-1.2560597658157349e+00;1.5494704246520996e+00;0.0000000000000000e+00;-1.5494704246520996e+00;-1.2560597658157349e+00;0.0000000000000000e+00;1.2560597658157349e+00;-1.5494704246520996e+00;0.0000000000000000e+00;1.5494704246520996e+00;1.2560597658157349e+00;0.0000000000000000e+00;
4.5999979972839355e+00;-1.3040438890457153e+00;1.5370969772338867e+00;0.0000000000000000e+00;-1.5370969772338867e+00;-1.3040438890457153e+00;0.0000000000000000e+00;1.3040438890457153e+00;-1.5370969772338867e+00;0.0000000000000000e+00;1.5370969772338867e+00;1.3040438890457153e+00;0.0000000000000000e+00;
4.6999979019165039e+00;-1.3511326313018799e+00;1.5236684083938599e+00;0.0000000000000000e+00;-1.5236684083938599e+00;-1.3511326313018799e+00;0.0000000000000000e+00;1.3511326313018799e+00;-1.5236684083938599e+00;0.0000000000000000e+00;1.5236684083938599e+00;1.3511326313018799e+00;0.0000000000000000e+00;
4.7999978065490723e+00;-1.3973215818405151e+00;1.5092254877090454e+00;0.0000000000000000e+00;-1.5092254877090454e+00;-1.3973215818405151e+00;0.0000000000000000e+00;1.3973215818405151e+00;-1.5092254877090454e+00;0.0000000000000000e+00;1.5092254877090454e+00;1.3973215818405151e+00;0.0000000000000000e+00;
4.8999977111816406e+00;-1.4426072835922241e+00;1.4938073158264160e+00;0.0000000000000000e+00;-1.4938073158264160e+00;-1.4426072835922241e+00;0.0000000000000000e+00;1.4426072835922241e+00;-1.4938073158264160e+00;0.0000000000000000e+00;1.4938073158264160e+00;1.4426072835922241e+00;0.0000000000000000e+00;
4.9999976158142090e+00;-1.4869871139526367e+00;1.4774514436721802e+00;0.0000000000000000e+00;-1.4774514436721802e+00;-1.4869871139526367e+00;0.0000000000000000e+00;1.4869871139526367e+00;-1.4774514436721802e+00;0.0000000000000000e+00;1.4774514436721802e+00;1.4869871139526367e+00;0.0000000000000000e+00;
5.0999975204467773e+00;-1.5304589271545410e+00;1.4601936340332031e+00;0.0000000000000000e+00;-1.4601936340332031e+00;-1.5304589271545410e+00;0.0000000000000000e+00;1.5304589271545410e+00;-1.4601936340332031e+00;0.0000000000000000e+00;1.4601936340332031e+00;1.5304589271545410e+00;0.0000000000000000e+00;
5.1999974250793457e+00;-1.5730212926864624e+00;1.4420684576034546e+00;0.0000000000000000e+00;-1.4420684576034546e+00;-1.5730212926864624e+00;0.0000000000000000e+00;1.5730212926864624e+00;-1.4420684576034546e+00;0.0000000000000000e+00;1.4420684576034546e+00;1.5730212926864624e+00;0.0000000000000000e+00;
5.2999973297119141e+00;-1.6146733760833740e+00;1.4231089353561401e+00;0.0000000000000000e+00;-1.4231089353561401e+00;-1.6146733760833740e+00;0.0000000000000000e+00;1.6146733760833740e+00;-1.4231089353561401e+00;0.0000000000000000e+00;1.4231089353561401e+00;1.6146733760833740e+00;0.0000000000000000e+00;
5.3999972343444824e+00;-1.6554147005081177e+00;1.4033468961715698e+00;0.0000000000000000e+00;-1.4033468961715698e+00;-1.6554147005081177e+00;0.0000000000000000e+00;1.6554147005081177e+00;-1.4033468961715698e+00;0.0000000000000000e+00;1.4033468961715698e+00;1.6554147005081177e+00;0.0000000000000000e+00;
5.4999971389770508e+00;-1.6952451467514038e+00;1.3828128576278687e+00;0.0000000000000000e+00;-1.3828128576278687e+00;-1.6952451467514038e+00;0.0000000000000000e+00;1.6952451467514038e+00;-1.3828128576278687e+00;0.0000000000000000e+00;1.3828128576278687e+00;1.6952451467514038e+00;0.0000000000000000e+00;
5.5999970436096191e+00;-1.7341650724411011e+00;1.3615362644195557e+00;0.0000000000000000e+00;-1.3615362644195557e+00;-1.7341650724411011e+00;0.0000000000000000e+00;1.7341650724411011e+00;-1.3615362644195557e+00;0.0000000000000000e+00;1.3615362644195557e+00;1.7341650724411011e+00;0.0000000000000000e+00;
5.6999969482421875e+00;-1.7721750736236572e+00;1.3395454883575439e+00;0.0000000000000000e+00;-1.3395453691482544e+00;-1.7721750736236572e+00;0.0000000000000000e+00;1.7721750736236572e+00;-1.3395454883575439e+00;0.0000000000000000e+00;1.3395453691482544e+00;1.7721750736236572e+00;0.0000000000000000e+00;
5.7999968528747559e+00;-1.8092759847640991e+00;1.3168675899505615e+00;0.0000000000000000e+00;-1.3168674707412720e+00;-1.8092759847640991e+00;0.0000000000000000e+00;1.8092759847640991e+00;-1.3168675899505615e+00;0.0000000000000000e+00;1.3168674707412720e+00;1.8092759847640991e+00;0.0000000000000000e+00;
5.8999967575073242e+00;-1.8454688787460327e+00;1.2935290336608887e+00;0.0000000000000000e+00;-1.2935289144515991e+00;-1.8454688787460327e+00;0.0000000000000000e+00;1.8454688787460327e+00;-1.2935290336608887e+00;0.0000000000000000e+00;1.2935289144515991e+00;1.8454688787460327e+00;0.0000000000000000e+00;
5.9999966621398926e+00;-1.8807549476623535e+00;1.2695549726486206e+00;0.0000000000000000e+00;-1.2695548534393311e+00;-1.8807549476623535e+00;0.0000000000000000e+00;1.8807549476623535e+00;-1.2695549726486206e+00;0.0000000000000000e+00;1.2695548534393311e+00;1.8807549476623535e+00;0.0000000000000000e+00;
6.0999965667724609e+00;-1.9151357412338257e+00;1.2449699640274048e+00;0.0000000000000000e+00;-1.2449698448181152e+00;-1.9151357412338257e+00;0.0000000000000000e+00;1.9151357412338257e+00;-1.2449699640274048e+00;0.0000000000000000e+00;1.2449698448181152e+00;1.9151357412338257e+00;0.0000000000000000e+00;
6.1999964714050293e+00;-1.9486129283905029e+00;1.2197976112365723e+00;0.0000000000000000e+00;-1.2197974920272827e+00;-1.9486129283905029e+00;0.0000000000000000e+00;1.9486129283905029e+00;-1.2197976112365723e+00;0.0000000000000000e+00;1.2197974920272827e+00;1.9486129283905029e+00;0.0000000000000000e+00;
6.2999963760375977e+00;-1.9811881780624390e+00;1.1940608024597168e+00;0.0000000000000000e+00;-1.1940606832504272e+00;-1.9811881780624390e+00;0.0000000000000000e+00;1.9811881780624390e+00;-1.1940608024597168e+00;0.0000000000000000e+00;1.1940606832504272e+00;1.9811881780624390e+00;0.0000000000000000e+00;
6.3999962806701660e+00;-2.0128631591796875e+00;1.1677815914154053e+00;0.0000000000000000e+00;-1.1677814722061157e+00;-2.0128631591796875e+00;0.0000000000000000e+00;2.0128631591796875e+00;-1.1677815914154053e+00;0.0000000000000000e+00;1.1677814722061157e+00;2.0128631591796875e+00;0.0000000000000000e+00;
6.4999961853027344e+00;-2.0436398983001709e+00;1.1409813165664673e+00;0.0000000000000000e+00;-1.1409811973571777e+00;-2.0436398983001709e+00;0.0000000000000000e+00;2.0436398983001709e+00;-1.1409813165664673e+00;0.0000000000000000e+00;1.1409811973571777e+00;2.0436398983001709e+00;0.0000000000000000e+00;
6.5999960899353027e+00;-2.0735204219818115e+00;1.1136806011199951e+00;0.0000000000000000e+00;-1.1136804819107056e+00;-2.0735204219818115e+00;0.0000000000000000e+00;2.0735204219818115e+00;-1.1136806011199951e+00;0.0000000000000000e+00;1.1136804819107056e+00;2.0735204219818115e+00;0.0000000000000000e+00;
6.6999959945678711e+00;-2.1025063991546631e+00;1.0858997106552124e+00;0.0000000000000000e+00;-1.0858995914459229e+00;-2.1025063991546631e+00;0.0000000000000000e+00;2.1025063991546631e+00;-1.0858997106552124e+00;0.0000000000000000e+00;1.0858995914459229e+00;2.1025063991546631e+00;0.0000000000000000e+00;
6.7999958992004395e+00;-2.1306002140045166e+00;1.0576579570770264e+00;0.0000000000000000e+00;-1.0576578378677368e+00;-2.1306002140045166e+00;0.0000000000000000e+00;2.1306002140045166e+00;-1.0576579570770264e+00;0.0000000000000000e+00;1.0576578378677368e+00;2.1306002140045166e+00;0.0000000000000000e+00;
6.8999958038330078e+00;-2.1578037738800049e+00;1.0289744138717651e+00;0.0000000000000000e+00;-1.0289742946624756e+00;-2.1578037738800049e+00;0.0000000000000000e+00;2.1578037738800049e+00;-1.0289744138717651e+00;0.0000000000000000e+00;1.0289741754531860e+00;2.1578037738800049e+00;0.0000000000000000e+00;
6.9999957084655762e+00;-2.1841189861297607e+00;9.9986732006072998e-01;0.0000000000000000e+00;-9.9986720085144043e-01;-2.1841189861297607e+00;0.0000000000000000e+00;2.1841189861297607e+00;-9.9986732006072998e-01;0.0000000000000000e+00;9.9986708164215088e-01;2.1841189861297607e+00;0.0000000000000000e+00;
7.0999956130981445e+00;-2.2095479965209961e+00;9.7035455703735352e-01;0.0000000000000000e+00;-9.7035443782806396e-01;-2.2095479965209961e+00;0.0000000000000000e+00;2.2095479965209961e+00;-9.7035455703735352e-01;0.0000000000000000e+00;9.7035431861877441e-01;2.2095479965209961e+00;0.0000000000000000e+00;
7.1999955177307129e+00;-2.2340929508209229e+00;9.4045358896255493e-01;0.0000000000000000e+00;-9.4045346975326538e-01;-2.2340929508209229e+00;0.0000000000000000e+00;2.2340929508209229e+00;-9.4045358896255493e-01;0.0000000000000000e+00;9.4045335054397583e-01;2.2340929508209229e+00;0.0000000000000000e+00;
7.2999954223632812e+00;-2.2577557563781738e+00;9.1018128395080566e-01;0.0000000000000000e+00;-9.1018116474151611e-01;-2.2577557563781738e+00;0.0000000000000000e+00;2.2577557563781738e+00;-9.1018128395080566e-01;0.0000000000000000e+00;9.1018104553222656e-01;2.2577557563781738e+00;0.0000000000000000e+00;
7.3999953269958496e+00;-2.2805383205413818e+00;8.7955421209335327e-01;0.0000000000000000e+00;-8.7955409288406372e-01;-2.2805383205413818e+00;0.0000000000000000e+00;2.2805383205413818e+00;-8.7955421209335327e-01;0.0000000000000000e+00;8.7955397367477417e-01;2.2805383205413818e+00;0.0000000000000000e+00;
7.4999952316284180e+00;-2.3024425506591797e+00;8.4858846664428711e-01;0.0000000000000000e+00;-8.4858834743499756e-01;-2.3024425506591797e+00;0.0000000000000000e+00;2.3024425506591797e+00;-8.4858846664428711e-01;0.0000000000000000e+00;8.4858822822570801e-01;2.3024425506591797e+00;0.0000000000000000e+00;
7.5999951362609863e+00;-2.3234703540802002e+00;8.1729978322982788e-01;0.0000000000000000e+00;-8.1729966402053833e-01;-2.3234703540802002e+00;0.0000000000000000e+00;2.3234703540802002e+00;-8.1729978322982788e-01;0.0000000000000000e+00;8.1729954481124878e-01;2.3234703540802002e+00;0.0000000000000000e+00;
7.6999950408935547e+00;-2.3436236381530762e+00;7.8570353984832764e-01;0.0000000000000000e+00;-7.8570342063903809e-01;-2.3436236381530762e+00;0.0000000000000000e+00;2.3436236381530762e+00;-7.8570353984832764e-01;0.0000000000000000e+00;7.8570330142974854e-01;2.3436236381530762e+00;0.0000000000000000e+00;
7.7999949455261230e+00;-2.3629043102264404e+00;7.5381475687026978e-01;0.0000000000000000e+00;-7.5381463766098022e-01;-2.3629043102264404e+00;0.0000000000000000e+00;2.3629043102264404e+00;-7.5381475687026978e-01;0.0000000000000000e+00;7.5381451845169067e-01;2.3629043102264404e+00;0.0000000000000000e+00;
7.8999948501586914e+00;-2.3813140392303467e+00;7.2164815664291382e-01;0.0000000000000000e+00;-7.2164803743362427e-01;-2.3813140392303467e+00;0.0000000000000000e+00;2.3813140392303467e+00;-7.2164815664291382e-01;0.0000000000000000e+00;7.2164791822433472e-01;2.3813140392303467e+00;0.0000000000000000e+00;
7.9999947547912598e+00;-2.3988544940948486e+00;6.8921810388565063e-01;0.0000000000000000e+00;-6.8921798467636108e-01;-2.3988544940948486e+00;0.0000000000000000e+00;2.3988544940948486e+00;-6.8921810388565063e-01;0.0000000000000000e+00;6.8921786546707153e-01;2.3988544940948486e+00;0.0000000000000000e+00;
8.0999946594238281e+00;-2.4155271053314209e+00;6.5653884410858154e-01;0.0000000000000000e+00;-6.5653872489929199e-01;-2.4155271053314209e+00;0.0000000000000000e+00;2.4155271053314209e+00;-6.5653884410858154e-01;0.0000000000000000e+00;6.5653854608535767e-01;2.4155271053314209e+00;0.0000000000000000e+00;
8.1999950408935547e+00;-2.4313337802886963e+00;6.2362414598464966e-01;0.0000000000000000e+00;-6.2362402677536011e-01;-2.4313337802886963e+00;0.0000000000000000e+00;2.4313337802886963e+00;-6.2362414598464966e-01;0.0000000000000000e+00;6.2362384796142578e-01;2.4313337802886963e+00;0.0000000000000000e+00;
8.2999954223632812e+00;-2.4462757110595703e+00;5.9048771858215332e-01;0.0000000000000000e+00;-5.9048759937286377e-01;-2.4462757110595703e+00;0.0000000000000000e+00;2.4462757110595703e+00;-5.9048771858215332e-01;0.0000000000000000e+00;5.9048742055892944e-01;2.4462757110595703e+00;0.0000000000000000e+00;
8.3999958038330078e+00;-2.4603543281555176e+00;5.5714297294616699e-01;0.0000000000000000e+00;-5.5714285373687744e-01;-2.4603543281555176e+00;0.0000000000000000e+00;2.4603543281555176e+00;-5.5714297294616699e-01;0.0000000000000000e+00;5.5714267492294312e-01;2.4603543281555176e+00;0.0000000000000000e+00;
8.4999961853027344e+00;-2.4735710620880127e+00;5.2360302209854126e-01;0.0000000000000000e+00;-5.2360290288925171e-01;-2.4735710620880127e+00;0.0000000000000000e+00;2.4735710620880127e+00;-5.2360302209854126e-01;0.0000000000000000e+00;5.2360272407531738e-01;2.4735710620880127e+00;0.0000000000000000e+00;
8.5999965667724609e+00;-2.4859271049499512e+00;4.8988094925880432e-01;0.0000000000000000e+00;-4.8988083004951477e-01;-2.4859271049499512e+00;0.0000000000000000e+00;2.4859271049499512e+00;-4.8988094925880432e-01;0.0000000000000000e+00;4.8988065123558044e-01;2.4859271049499512e+00;0.0000000000000000e+00;
8.6999969482421875e+00;-2.4974236488342285e+00;4.5598950982093811e-01;0.0000000000000000e+00;-4.5598939061164856e-01;-2.4974236488342285e+00;0.0000000000000000e+00;2.4974236488342285e+00;-4.5598950982093811e-01;0.0000000000000000e+00;4.5598921179771423e-01;2.4974236488342285e+00;0.0000000000000000e+00;
8.7999973297119141e+00;-2.5080618858337402e+00;4.2194136977195740e-01;0.0000000000000000e+00;-4.2194125056266785e-01;-2.5080618858337402e+00;0.0000000000000000e+00;2.5080618858337402e+00;-4.2194136977195740e-01;0.0000000000000000e+00;4.2194107174873352e-01;2.5080618858337402e+00;0.0000000000000000e+00;
8.8999977111816406e+00;-2.5178427696228027e+00;3.8774898648262024e-01;0.0000000000000000e+00;-3.8774886727333069e-01;-2.5178427696228027e+00;0.0000000000000000e+00;2.5178427696228027e+00;-3.8774898648262024e-01;0.0000000000000000e+00;3.8774868845939636e-01;2.5178427696228027e+00;0.0000000000000000e+00;
8.9999980926513672e+00;-2.5267672538757324e+00;3.5342472791671753e-01;0.0000000000000000e+00;-3.5342460870742798e-01;-2.5267672538757324e+00;0.0000000000000000e+00;2.5267672538757324e+00;-3.5342472791671753e-01;0.0000000000000000e+00;3.5342442989349365e-01;2.5267672538757324e+00;0.0000000000000000e+00;
9.0999984741210938e+00;-2.5348360538482666e+00;3.1898081302642822e-01;0.0000000000000000e+00;-3.1898069381713867e-01;-2.5348360538482666e+00;0.0000000000000000e+00;2.5348360538482666e+00;-3.1898081302642822e-01;0.0000000000000000e+00;3.1898051500320435e-01;2.5348360538482666e+00;0.0000000000000000e+00;
9.1999988555908203e+00;-2.5420498847961426e+00;2.8442934155464172e-01;0.0000000000000000e+00;-2.8442922234535217e-01;-2.5420498847961426e+00;0.0000000000000000e+00;2.5420498847961426e+00;-2.8442934155464172e-01;0.0000000000000000e+00;2.8442904353141785e-01;2.5420498847961426e+00;0.0000000000000000e+00;
9.2999992370605469e+00;-2.5484097003936768e+00;2.4978229403495789e-01;0.0000000000000000e+00;-2.4978217482566833e-01;-2.5484097003936768e+00;0.0000000000000000e+00;2.5484097003936768e+00;-2.4978229403495789e-01;0.0000000000000000e+00;2.4978199601173401e-01;2.5484097003936768e+00;0.0000000000000000e+00;
9.3999996185302734e+00;-2.5539157390594482e+00;2.1505159139633179e-01;0.0000000000000000e+00;-2.1505147218704224e-01;-2.5539157390594482e+00;0.0000000000000000e+00;2.5539157390594482e+00;-2.1505159139633179e-01;0.0000000000000000e+00;2.1505129337310791e-01;2.5539157390594482e+00;0.0000000000000000e+00;
9.5000000000000000e+00;-2.5585687160491943e+00;1.8024905025959015e-01;0.0000000000000000e+00;-1.8024893105030060e-01;-2.5585687160491943e+00;0.0000000000000000e+00;2.5585687160491943e+00;-1.8024905025959015e-01;0.0000000000000000e+00;1.8024875223636627e-01;2.5585687160491943e+00;0.0000000000000000e+00;
9.6000003814697266e+00;-2.5623688697814941e+00;1.4538644254207611e-01;0.0000000000000000e+00;-1.4538632333278656e-01;-2.5623688697814941e+00;0.0000000000000000e+00;2.5623688697814941e+00;-1.4538644254207611e-01;0.0000000000000000e+00;1.4538614451885223e-01;2.5623688697814941e+00;0.0000000000000000e+00;
9.7000007629394531e+00;-2.5653166770935059e+00;1.1047548055648804e-01;0.0000000000000000e+00;-1.1047536134719849e-01;-2.5653166770935059e+00;0.0000000000000000e+00;2.5653166770935059e+00;-1.1047548055648804e-01;0.0000000000000000e+00;1.1047518253326416e-01;2.5653166770935059e+00;0.0000000000000000e+00;
9.8000011444091797e+00;-2.5674121379852295e+00;7.5527817010879517e-02;0.0000000000000000e+00;-7.5527697801589966e-02;-2.5674121379852295e+00;0.0000000000000000e+00;2.5674121379852295e+00;-7.5527817010879517e-02;0.0000000000000000e+00;7.5527518987655640e-02;2.5674121379852295e+00;0.0000000000000000e+00;
9.9000015258789062e+00;-2.5686557292938232e+00;4.0555093437433243e-02;0.0000000000000000e+00;-4.0554974228143692e-02;-2.5686557292938232e+00;0.0000000000000000e+00;2.5686554908752441e+00;-4.0555093437433243e-02;0.0000000000000000e+00;4.0554791688919067e-02;2.5686557292938232e+00;0.0000000000000000e+00;
1.0000001907348633e+01;-2.5690472126007080e+00;5.5689187720417976e-03;0.0000000000000000e+00;-5.5687995627522469e-03;-2.5690472126007080e+00;0.0000000000000000e+00;2.5690469741821289e+00;-5.5689187720417976e-03;0.0000000000000000e+00;5.5686142295598984e-03;2.5690472126007080e+00;0.0000000000000000e+00;
1.0100002288818359e+01;-2.5685865879058838e+00;-2.9419103637337685e-02;0.0000000000000000e+00;2.9419222846627235e-02;-2.5685865879058838e+00;0.0000000000000000e+00;2.5685863494873047e+00;2.9419103637337685e-02;0.0000000000000000e+00;-2.9419410973787308e-02;2.5685865879058838e+00;0.0000000000000000e+00;
1.0200002670288086e+01;-2.5672736167907715e+00;-6.4397364854812622e-02;0.0000000000000000e+00;6.4397484064102173e-02;-2.5672736167907715e+00;0.0000000000000000e+00;2.5672733783721924e+00;6.4397364854812622e-02;0.0000000000000000e+00;-6.4397677779197693e-02;2.5672736167907715e+00;0.0000000000000000e+00;
1.0300003051757812e+01;-2.5651082992553711e+00;-9.9354244768619537e-02;0.0000000000000000e+00;9.9354363977909088e-02;-2.5651082992553711e+00;0.0000000000000000e+00;2.5651080608367920e+00;9.9354244768619537e-02;0.0000000000000000e+00;-9.9354565143585205e-02;2.5651082992553711e+00;0.0000000000000000e+00;
1.0400003433227539e+01;-2.5620901584625244e+00;-1.3427810370922089e-01;0.0000000000000000e+00;1.3427822291851044e-01;-2.5620901584625244e+00;0.0000000000000000e+00;2.5620899200439453e+00;1.3427810370922089e-01;0.0000000000000000e+00;-1.3427841663360596e-01;2.5620901584625244e+00;0.0000000000000000e+00;
1.0500003814697266e+01;-2.5582187175750732e+00;-1.6915725171566010e-01;0.0000000000000000e+00;1.6915737092494965e-01;-2.5582187175750732e+00;0.0000000000000000e+00;2.5582184791564941e+00;1.6915725171566010e-01;0.0000000000000000e+00;-1.6915756464004517e-01;2.5582187175750732e+00;0.0000000000000000e+00;
1.0600004196166992e+01;-2.5534934997558594e+00;-2.0397995412349701e-01;0.0000000000000000e+00;2.0398007333278656e-01;-2.5534934997558594e+00;0.0000000000000000e+00;2.5534932613372803e+00;2.0397995412349701e-01;0.0000000000000000e+00;-2.0398026704788208e-01;2.5534934997558594e+00;0.0000000000000000e+00;
1.0700004577636719e+01;-2.5479140281677246e+00;-2.3873440921306610e-01;0.0000000000000000e+00;2.3873452842235565e-01;-2.5479140281677246e+00;0.0000000000000000e+00;2.5479137897491455e+00;2.3873440921306610e-01;0.0000000000000000e+00;-2.3873472213745117e-01;2.5479140281677246e+00;0.0000000000000000e+00;
1.0800004959106445e+01;-2.5414795875549316e+00;-2.7340877056121826e-01;0.0000000000000000e+00;2.7340888977050781e-01;-2.5414795875549316e+00;0.0000000000000000e+00;2.5414793491363525e+00;2.7340877056121826e-01;0.0000000000000000e+00;-2.7340906858444214e-01;2.5414795875549316e+00;0.0000000000000000e+00;
1.0900005340576172e+01;-2.5341892242431641e+00;-3.0799108743667603e-01;0.0000000000000000e+00;3.0799120664596558e-01;-2.5341892242431641e+00;0.0000000000000000e+00;2.5341889858245850e+00;3.0799108743667603e-01;0.0000000000000000e+00;-3.0799138545989990e-01;2.5341892242431641e+00;0.0000000000000000e+00;
1.1000005722045898e+01;-2.5260422229766846e+00;-3.4246927499771118e-01;0.0000000000000000e+00;3.4246939420700073e-01;-2.5260422229766846e+00;0.0000000000000000e+00;2.5260419845581055e+00;3.4246927499771118e-01;0.0000000000000000e+00;-3.4246960282325745e-01;2.5260422229766846e+00;0.0000000000000000e+00;
1.1100006103515625e+01;-2.5170376300811768e+00;-3.7683120369911194e-01;0.0000000000000000e+00;3.7683132290840149e-01;-2.5170376300811768e+00;0.0000000000000000e+00;2.5170373916625977e+00;3.7683120369911194e-01;0.0000000000000000e+00;-3.7683156132698059e-01;2.5170376300811768e+00;0.0000000000000000e+00;
1.1200006484985352e+01;-2.5071744918823242e+00;-4.1106462478637695e-01;0.0000000000000000e+00;4.1106474399566650e-01;-2.5071744918823242e+00;0.0000000000000000e+00;2.5071742534637451e+00;4.1106462478637695e-01;0.0000000000000000e+00;-4.1106498241424561e-01;2.5071744918823242e+00;0.0000000000000000e+00;
1.1300006866455078e+01;-2.4964516162872314e+00;-4.4515708088874817e-01;0.0000000000000000e+00;4.4515720009803772e-01;-2.4964516162872314e+00;0.0000000000000000e+00;2.4964513778686523e+00;4.4515708088874817e-01;0.0000000000000000e+00;-4.4515743851661682e-01;2.4964516162872314e+00;0.0000000000000000e+00;
1.1400007247924805e+01;-2.4848675727844238e+00;-4.7909602522850037e-01;0.0000000000000000e+00;4.7909614443778992e-01;-2.4848675727844238e+00;0.0000000000000000e+00;2.4848673343658447e+00;4.7909602522850037e-01;0.0000000000000000e+00;-4.7909638285636902e-01;2.4848675727844238e+00;0.0000000000000000e+00;
1.1500007629394531e+01;-2.4724214076995850e+00;-5.1286876201629639e-01;0.0000000000000000e+00;5.1286888122558594e-01;-2.4724214076995850e+00;0.0000000000000000e+00;2.4724211692810059e+00;5.1286876201629639e-01;0.0000000000000000e+00;-5.1286911964416504e-01;2.4724214076995850e+00;0.0000000000000000e+00;
1.1600008010864258e+01;-2.4591114521026611e+00;-5.4646235704421997e-01;0.0000000000000000e+00;5.4646247625350952e-01;-2.4591114521026611e+00;0.0000000000000000e+00;2.4591112136840820e+00;5.4646235704421997e-01;0.0000000000000000e+00;-5.4646271467208862e-01;2.4591114521026611e+00;0.0000000000000000e+00;
1.1700008392333984e+01;-2.4449365139007568e+00;-5.7986372709274292e-01;0.0000000000000000e+00;5.7986384630203247e-01;-2.4449365139007568e+00;0.0000000000000000e+00;2.4449362754821777e+00;5.7986372709274292e-01;0.0000000000000000e+00;-5.7986408472061157e-01;2.4449365139007568e+00;0.0000000000000000e+00;
1.1800008773803711e+01;-2.4298949241638184e+00;-6.1305958032608032e-01;0.0000000000000000e+00;6.1305969953536987e-01;-2.4298949241638184e+00;0.0000000000000000e+00;2.4298946857452393e+00;6.1305958032608032e-01;0.0000000000000000e+00;-6.1305993795394897e-01;2.4298949241638184e+00;0.0000000000000000e+00;
1.1900009155273438e+01;-2.4139850139617920e+00;-6.4603638648986816e-01;0.0000000000000000e+00;6.4603650569915771e-01;-2.4139850139617920e+00;0.0000000000000000e+00;2.4139847755432129e+00;6.4603638648986816e-01;0.0000000000000000e+00;-6.4603674411773682e-01;2.4139850139617920e+00;0.0000000000000000e+00;
1.2000009536743164e+01;-2.3972051143646240e+00;-6.7878037691116333e-01;0.0000000000000000e+00;6.7878049612045288e-01;-2.3972051143646240e+00;0.0000000000000000e+00;2.3972048759460449e+00;6.7878037691116333e-01;0.0000000000000000e+00;-6.7878073453903198e-01;2.3972051143646240e+00;0.0000000000000000e+00;
1.2100009918212891e+01;-2.3795535564422607e+00;-7.1127754449844360e-01;0.0000000000000000e+00;7.1127766370773315e-01;-2.3795535564422607e+00;0.0000000000000000e+00;2.3795533180236816e+00;7.1127754449844360e-01;0.0000000000000000e+00;-7.1127790212631226e-01;2.3795535564422607e+00;0.0000000000000000e+00;
1.2200010299682617e+01;-2.3610284328460693e+00;-7.4351364374160767e-01;0.0000000000000000e+00;7.4351376295089722e-01;-2.3610284328460693e+00;0.0000000000000000e+00;2.3610281944274902e+00;7.4351364374160767e-01;0.0000000000000000e+00;-7.4351400136947632e-01;2.3610284328460693e+00;0.0000000000000000e+00;
1.2300010681152344e+01;-2.3416278362274170e+00;-7.7547407150268555e-01;0.0000000000000000e+00;7.7547419071197510e-01;-2.3416278362274170e+00;0.0000000000000000e+00;2.3416275978088379e+00;7.7547407150268555e-01;0.0000000000000000e+00;-7.7547442913055420e-01;2.3416278362274170e+00;0.0000000000000000e+00;
1.2400011062622070e+01;-2.3213496208190918e+00;-8.0714398622512817e-01;0.0000000000000000e+00;8.0714410543441772e-01;-2.3213496208190918e+00;0.0000000000000000e+00;2.3213493824005127e+00;8.0714398622512817e-01;0.0000000000000000e+00;-8.0714434385299683e-01;2.3213496208190918e+00;0.0000000000000000e+00;
1.2500011444091797e+01;-2.3001921176910400e+00;-8.3850812911987305e-01;0.0000000000000000e+00;8.3850824832916260e-01;-2.3001921176910400e+00;0.0000000000000000e+00;2.3001918792724609e+00;8.3850812911987305e-01;0.0000000000000000e+00;-8.3850848674774170e-01;2.3001921176910400e+00;0.0000000000000000e+00;
1.2600011825561523e+01;-2.2781531810760498e+00;-8.6955100297927856e-01;0.0000000000000000e+00;8.6955112218856812e-01;-2.2781531810760498e+00;0.0000000000000000e+00;2.2781529426574707e+00;8.6955100297927856e-01;0.0000000000000000e+00;-8.6955136060714722e-01;2.2781531810760498e+00;0.0000000000000000e+00;
1.2700012207031250e+01;-2.2552304267883301e+00;-9.0025663375854492e-01;0.0000000000000000e+00;9.0025675296783447e-01;-2.2552304267883301e+00;0.0000000000000000e+00;2.2552301883697510e+00;9.0025663375854492e-01;0.0000000000000000e+00;-9.0025699138641357e-01;2.2552304267883301e+00;0.0000000000000000e+00;
1.2800012588500977e+01;-2.2314219474792480e+00;-9.3060874938964844e-01;0.0000000000000000e+00;9.3060886859893799e-01;-2.2314219474792480e+00;0.0000000000000000e+00;2.2314217090606689e+00;9.3060874938964844e-01;0.0000000000000000e+00;-9.3060910701751709e-01;2.2314219474792480e+00;0.0000000000000000e+00;
1.2900012969970703e+01;-2.2067255973815918e+00;-9.6059054136276245e-01;0.0000000000000000e+00;9.6059066057205200e-01;-2.2067255973815918e+00;0.0000000000000000e+00;2.2067253589630127e+00;9.6059054136276245e-01;0.0000000000000000e+00;-9.6059089899063110e-01;2.2067255973815918e+00;0.0000000000000000e+00;
1.3000013351440430e+01;-2.1811389923095703e+00;-9.9018490314483643e-01;0.0000000000000000e+00;9.9018502235412598e-01;-2.1811389923095703e+00;0.0000000000000000e+00;2.1811387538909912e+00;9.9018490314483643e-01;0.0000000000000000e+00;-9.9018526077270508e-01;2.1811389923095703e+00;0.0000000000000000e+00;
1.3100013732910156e+01;-2.1546597480773926e+00;-1.0193741321563721e+00;0.0000000000000000e+00;1.0193742513656616e+00;-2.1546597480773926e+00;0.0000000000000000e+00;2.1546595096588135e+00;1.0193741321563721e+00;0.0000000000000000e+00;-1.0193744897842407e+00;2.1546597480773926e+00;0.0000000000000000e+00;
1.3200014114379883e+01;-2.1272859573364258e+00;-1.0481401681900024e+00;0.0000000000000000e+00;1.0481402873992920e+00;-2.1272859573364258e+00;0.0000000000000000e+00;2.1272857189178467e+00;1.0481401681900024e+00;0.0000000000000000e+00;-1.0481405258178711e+00;2.1272859573364258e+00;0.0000000000000000e+00;
1.3300014495849609e+01;-2.0990149974822998e+00;-1.0764642953872681e+00;0.0000000000000000e+00;1.0764644145965576e+00;-2.0990149974822998e+00;0.0000000000000000e+00;2.0990147590637207e+00;1.0764642953872681e+00;0.0000000000000000e+00;-1.0764646530151367e+00;2.0990149974822998e+00;0.0000000000000000e+00;
1.3400014877319336e+01;-2.0698447227478027e+00;-1.1043273210525513e+00;0.0000000000000000e+00;1.1043274402618408e+00;-2.0698447227478027e+00;0.0000000000000000e+00;2.0698444843292236e+00;1.1043273210525513e+00;0.0000000000000000e+00;-1.1043276786804199e+00;2.0698447227478027e+00;0.0000000000000000e+00;
1.3500015258789062e+01;-2.0397729873657227e+00;-1.1317094564437866e+00;0.0000000000000000e+00;1.1317095756530762e+00;-2.0397729873657227e+00;0.0000000000000000e+00;2.0397727489471436e+00;1.1317094564437866e+00;0.0000000000000000e+00;-1.1317098140716553e+00;2.0397729873657227e+00;0.0000000000000000e+00;
1.3600015640258789e+01;-2.0087976455688477e+00;-1.1585901975631714e+00;0.0000000000000000e+00;1.1585903167724609e+00;-2.0087976455688477e+00;0.0000000000000000e+00;2.0087974071502686e+00;1.1585901975631714e+00;0.0000000000000000e+00;-1.1585905551910400e+00;2.0087976455688477e+00;0.0000000000000000e+00;
1.3700016021728516e+01;-1.9769163131713867e+00;-1.1849485635757446e+00;0.0000000000000000e+00;1.1849486827850342e+00;-1.9769163131713867e+00;0.0000000000000000e+00;1.9769160747528076e+00;1.1849485635757446e+00;0.0000000000000000e+00;-1.1849489212036133e+00;1.9769163131713867e+00;0.0000000000000000e+00;
1.3800016403198242e+01;-1.9441269636154175e+00;-1.2107627391815186e+00;0.0000000000000000e+00;1.2107628583908081e+00;-1.9441269636154175e+00;0.0000000000000000e+00;1.9441267251968384e+00;1.2107627391815186e+00;0.0000000000000000e+00;-1.2107630968093872e+00;1.9441269636154175e+00;0.0000000000000000e+00;
1.3900016784667969e+01;-1.9104275703430176e+00;-1.2360101938247681e+00;0.0000000000000000e+00;1.2360103130340576e+00;-1.9104275703430176e+00;0.0000000000000000e+00;1.9104273319244385e+00;1.2360101938247681e+00;0.0000000000000000e+00;-1.2360105514526367e+00;1.9104275703430176e+00;0.0000000000000000e+00;
1.4000017166137695e+01;-1.8758161067962646e+00;-1.2606678009033203e+00;0.0000000000000000e+00;1.2606679201126099e+00;-1.8758161067962646e+00;0.0000000000000000e+00;1.8758158683776855e+00;1.2606678009033203e+00;0.0000000000000000e+00;-1.2606681585311890e+00;1.8758161067962646e+00;0.0000000000000000e+00;
1.4100017547607422e+01;-1.8402909040451050e+00;-1.2847113609313965e+00;0.0000000000000000e+00;1.2847114801406860e+00;-1.8402909040451050e+00;0.0000000000000000e+00;1.8402906656265259e+00;1.2847113609313965e+00;0.0000000000000000e+00;-1.2847117185592651e+00;1.8402909040451050e+00;0.0000000000000000e+00;
1.4200017929077148e+01;-1.8038501739501953e+00;-1.3081159591674805e+00;0.0000000000000000e+00;1.3081160783767700e+00;-1.8038501739501953e+00;0.0000000000000000e+00;1.8038499355316162e+00;1.3081159591674805e+00;0.0000000000000000e+00;-1.3081163167953491e+00;1.8038501739501953e+00;0.0000000000000000e+00;
1.4300018310546875e+01;-1.7664924860000610e+00;-1.3308557271957397e+00;0.0000000000000000e+00;1.3308558464050293e+00;-1.7664924860000610e+00;0.0000000000000000e+00;1.7664922475814819e+00;1.3308557271957397e+00;0.0000000000000000e+00;-1.3308560848236084e+00;1.7664924860000610e+00;0.0000000000000000e+00;
1.4400018692016602e+01;-1.7282165288925171e+00;-1.3529038429260254e+00;0.0000000000000000e+00;1.3529039621353149e+00;-1.7282165288925171e+00;0.0000000000000000e+00;1.7282162904739380e+00;1.3529038429260254e+00;0.0000000000000000e+00;-1.3529042005538940e+00;1.7282165288925171e+00;0.0000000000000000e+00;
1.4500019073486328e+01;-1.6890213489532471e+00;-1.3742324113845825e+00;0.0000000000000000e+00;1.3742325305938721e+00;-1.6890213489532471e+00;0.0000000000000000e+00;1.6890211105346680e+00;1.3742324113845825e+00;0.0000000000000000e+00;-1.3742327690124512e+00;1.6890213489532471e+00;0.0000000000000000e+00;
1.4600019454956055e+01;-1.6489061117172241e+00;-1.3948125839233398e+00;0.0000000000000000e+00;1.3948127031326294e+00;-1.6489061117172241e+00;0.0000000000000000e+00;1.6489058732986450e+00;1.3948125839233398e+00;0.0000000000000000e+00;-1.3948129415512085e+00;1.6489061117172241e+00;0.0000000000000000e+00;
1.4700019836425781e+01;-1.6078703403472900e+00;-1.4146142005920410e+00;0.0000000000000000e+00;1.4146143198013306e+00;-1.6078703403472900e+00;0.0000000000000000e+00;1.6078701019287109e+00;1.4146142005920410e+00;0.0000000000000000e+00;-1.4146145582199097e+00;1.6078703403472900e+00;0.0000000000000000e+00;
1.4800020217895508e+01;-1.5659139156341553e+00;-1.4336060285568237e+00;0.0000000000000000e+00;1.4336061477661133e+00;-1.5659139156341553e+00;0.0000000000000000e+00;1.5659136772155762e+00;1.4336060285568237e+00;0.0000000000000000e+00;-1.4336063861846924e+00;1.5659139156341553e+00;0.0000000000000000e+00;
1.4900020599365234e+01;-1.5230371952056885e+00;-1.4517555236816406e+00;0.0000000000000000e+00;1.4517556428909302e+00;-1.5230371952056885e+00;0.0000000000000000e+00;1.5230369567871094e+00;1.4517555236816406e+00;0.0000000000000000e+00;-1.4517558813095093e+00;1.5230371952056885e+00;0.0000000000000000e+00;
1.5000020980834961e+01;-1.4792408943176270e+00;-1.4690288305282593e+00;0.0000000000000000e+00;1.4690289497375488e+00;-1.4792408943176270e+00;0.0000000000000000e+00;1.4792406558990479e+00;1.4690288305282593e+00;0.0000000000000000e+00;-1.4690291881561279e+00;1.4792408943176270e+00;0.0000000000000000e+00;
1.5100021362304688e+01;-1.4345264434814453e+00;-1.4853905439376831e+00;0.0000000000000000e+00;1.4853906631469727e+00;-1.4345264434814453e+00;0.0000000000000000e+00;1.4345262050628662e+00;1.4853905439376831e+00;0.0000000000000000e+00;-1.4853909015655518e+00;1.4345264434814453e+00;0.0000000000000000e+00;
1.5200021743774414e+01;-1.3888957500457764e+00;-1.5008038282394409e+00;0.0000000000000000e+00;1.5008039474487305e+00;-1.3888957500457764e+00;0.0000000000000000e+00;1.3888955116271973e+00;1.5008038282394409e+00;0.0000000000000000e+00;-1.5008041858673096e+00;1.3888957500457764e+00;0.0000000000000000e+00;
1.5300022125244141e+01;-1.3423515558242798e+00;-1.5152302980422974e+00;0.0000000000000000e+00;1.5152304172515869e+00;-1.3423515558242798e+00;0.0000000000000000e+00;1.3423513174057007e+00;1.5152302980422974e+00;0.0000000000000000e+00;-1.5152306556701660e+00;1.3423515558242798e+00;0.0000000000000000e+00;
1.5400022506713867e+01;-1.2948971986770630e+00;-1.5286297798156738e+00;0.0000000000000000e+00;1.5286298990249634e+00;-1.2948971986770630e+00;0.0000000000000000e+00;1.2948969602584839e+00;1.5286297798156738e+00;0.0000000000000000e+00;-1.5286301374435425e+00;1.2948971986770630e+00;0.0000000000000000e+00;
1.5500022888183594e+01;-1.2465370893478394e+00;-1.5409603118896484e+00;0.0000000000000000e+00;1.5409604310989380e+00;-1.2465370893478394e+00;0.0000000000000000e+00;1.2465368509292603e+00;1.5409603118896484e+00;0.0000000000000000e+00;-1.5409606695175171e+00;1.2465370893478394e+00;0.0000000000000000e+00;
1.5600023269653320e+01;-1.1972765922546387e+00;-1.5521781444549561e+00;0.0000000000000000e+00;1.5521782636642456e+00;-1.1972765922546387e+00;0.0000000000000000e+00;1.1972763538360596e+00;1.5521781444549561e+00;0.0000000000000000e+00;-1.5521785020828247e+00;1.1972765922546387e+00;0.0000000000000000e+00;
1.5700023651123047e+01;-1.1471221446990967e+00;-1.5622375011444092e+00;0.0000000000000000e+00;1.5622376203536987e+00;-1.1471221446990967e+00;0.0000000000000000e+00;1.1471219062805176e+00;1.5622375011444092e+00;0.0000000000000000e+00;-1.5622378587722778e+00;1.1471221446990967e+00;0.0000000000000000e+00;
1.5800024032592773e+01;-1.0960814952850342e+00;-1.5710905790328979e+00;0.0000000000000000e+00;1.5710906982421875e+00;-1.0960814952850342e+00;0.0000000000000000e+00;1.0960812568664551e+00;1.5710905790328979e+00;0.0000000000000000e+00;-1.5710909366607666e+00;1.0960814952850342e+00;0.0000000000000000e+00;
1.5900024414062500e+01;-1.0441639423370361e+00;-1.5786871910095215e+00;0.0000000000000000e+00;1.5786873102188110e+00;-1.0441639423370361e+00;0.0000000000000000e+00;1.0441637039184570e+00;1.5786871910095215e+00;0.0000000000000000e+00;-1.5786875486373901e+00;1.0441639423370361e+00;0.0000000000000000e+00;
1.6000024795532227e+01;-9.9138021469116211e-01;-1.5849748849868774e+00;0.0000000000000000e+00;1.5849750041961670e+00;-9.9138021469116211e-01;0.0000000000000000e+00;9.9137997627258301e-01;1.5849748849868774e+00;0.0000000000000000e+00;-1.5849752426147461e+00;9.9138021469116211e-01;0.0000000000000000e+00;
1.6100025177001953e+01;-9.3774300813674927e-01;-1.5898988246917725e+00;0.0000000000000000e+00;1.5898989439010620e+00;-9.3774300813674927e-01;0.0000000000000000e+00;9.3774276971817017e-01;1.5898988246917725e+00;0.0000000000000000e+00;-1.5898991823196411e+00;9.3774300813674927e-01;0.0000000000000000e+00;
1.6200025558471680e+01;-8.8326704502105713e-01;-1.5934014320373535e+00;0.0000000000000000e+00;1.5934015512466431e+00;-8.8326704502105713e-01;0.0000000000000000e+00;8.8326680660247803e-01;1.5934014320373535e+00;0.0000000000000000e+00;-1.5934017896652222e+00;8.8326704502105713e-01;0.0000000000000000e+00;
1.6300025939941406e+01;-8.2796943187713623e-01;-1.5954226255416870e+00;0.0000000000000000e+00;1.5954227447509766e+00;-8.2796937227249146e-01;0.0000000000000000e+00;8.2796919345855713e-01;1.5954226255416870e+00;0.0000000000000000e+00;-1.5954229831695557e+00;8.2796937227249146e-01;0.0000000000000000e+00;
1.6400026321411133e+01;-7.7186977863311768e-01;-1.5958994626998901e+00;0.0000000000000000e+00;1.5958995819091797e+00;-7.7186971902847290e-01;0.0000000000000000e+00;7.7186954021453857e-01;1.5958994626998901e+00;0.0000000000000000e+00;-1.5958998203277588e+00;7.7186971902847290e-01;0.0000000000000000e+00;
1.6500026702880859e+01;-7.1499067544937134e-01;-1.5947659015655518e+00;0.0000000000000000e+00;1.5947660207748413e+00;-7.1499061584472656e-01;0.0000000000000000e+00;7.1499043703079224e-01;1.5947659015655518e+00;0.0000000000000000e+00;-1.5947662591934204e+00;7.1499061584472656e-01;0.0000000000000000e+00;
1.6600027084350586e+01;-6.5735799074172974e-01;-1.5919529199600220e+00;0.0000000000000000e+00;1.5919530391693115e+00;-6.5735793113708496e-01;0.0000000000000000e+00;6.5735775232315063e-01;1.5919529199600220e+00;0.0000000000000000e+00;-1.5919532775878906e+00;6.5735793113708496e-01;0.0000000000000000e+00;
1.6700027465820312e+01;-5.9900134801864624e-01;-1.5873882770538330e+00;0.0000000000000000e+00;1.5873883962631226e+00;-5.9900128841400146e-01;0.0000000000000000e+00;5.9900110960006714e-01;1.5873882770538330e+00;0.0000000000000000e+00;-1.5873886346817017e+00;5.9900128841400146e-01;0.0000000000000000e+00;
1.6800027847290039e+01;-5.3995454311370850e-01;-1.5809965133666992e+00;0.0000000000000000e+00;1.5809966325759888e+00;-5.3995448350906372e-01;0.0000000000000000e+00;5.3995430469512939e-01;1.5809965133666992e+00;0.0000000000000000e+00;-1.5809968709945679e+00;5.3995448350906372e-01;0.0000000000000000e+00;
1.6900028228759766e+01;-4.8025602102279663e-01;-1.5726987123489380e+00;0.0000000000000000e+00;1.5726988315582275e+00;-4.8025593161582947e-01;0.0000000000000000e+00;4.8025578260421753e-01;1.5726987123489380e+00;0.0000000000000000e+00;-1.5726990699768066e+00;4.8025593161582947e-01;0.0000000000000000e+00;
1.7000028610229492e+01;-4.1994950175285339e-01;-1.5624126195907593e+00;0.0000000000000000e+00;1.5624127388000488e+00;-4.1994938254356384e-01;0.0000000000000000e+00;4.1994926333427429e-01;1.5624126195907593e+00;0.0000000000000000e+00;-1.5624129772186279e+00;4.1994938254356384e-01;0.0000000000000000e+00;
1.7100028991699219e+01;-3.5908460617065430e-01;-1.5500524044036865e+00;0.0000000000000000e+00;1.5500525236129761e+00;-3.5908445715904236e-01;0.0000000000000000e+00;3.5908436775207520e-01;1.5500524044036865e+00;0.0000000000000000e+00;-1.5500527620315552e+00;3.5908445715904236e-01;0.0000000000000000e+00;
1.7200029373168945e+01;-2.9771760106086731e-01;-1.5355290174484253e+00;0.0000000000000000e+00;1.5355291366577148e+00;-2.9771742224693298e-01;0.0000000000000000e+00;2.9771736264228821e-01;1.5355290174484253e+00;0.0000000000000000e+00;-1.5355293750762939e+00;2.9771742224693298e-01;0.0000000000000000e+00;
1.7300029754638672e+01;-2.3591215908527374e-01;-1.5187498331069946e+00;0.0000000000000000e+00;1.5187499523162842e+00;-2.3591196537017822e-01;0.0000000000000000e+00;2.3591192066669464e-01;1.5187498331069946e+00;0.0000000000000000e+00;-1.5187501907348633e+00;2.3591196537017822e-01;0.0000000000000000e+00;
1.7400030136108398e+01;-1.7374029755592346e-01;-1.4996191263198853e+00;0.0000000000000000e+00;1.4996192455291748e+00;-1.7374008893966675e-01;0.0000000000000000e+00;1.7374005913734436e-01;1.4996191263198853e+00;0.0000000000000000e+00;-1.4996194839477539e+00;1.7374008893966675e-01;0.0000000000000000e+00;
1.7500030517578125e+01;-1.1128329485654831e-01;-1.4780381917953491e+00;0.0000000000000000e+00;1.4780383110046387e+00;-1.1128307133913040e-01;0.0000000000000000e+00;1.1128305643796921e-01;1.4780381917953491e+00;0.0000000000000000e+00;-1.4780385494232178e+00;1.1128307133913040e-01;0.0000000000000000e+00;
1.7600030899047852e+01;-4.8632796853780746e-02;-1.4539057016372681e+00;0.0000000000000000e+00;1.4539058208465576e+00;-4.8632562160491943e-02;0.0000000000000000e+00;4.8632558435201645e-02;1.4539057016372681e+00;0.0000000000000000e+00;-1.4539060592651367e+00;4.8632562160491943e-02;0.0000000000000000e+00;
1.7700031280517578e+01;1.4108031056821346e-02;-1.4271183013916016e+00;0.0000000000000000e+00;1.4271184206008911e+00;1.4108276925981045e-02;0.0000000000000000e+00;-1.4108269475400448e-02;1.4271183013916016e+00;0.0000000000000000e+00;-1.4271186590194702e+00;-1.4108276925981045e-02;0.0000000000000000e+00;
1.7800031661987305e+01;7.6823256909847260e-02;-1.3975710868835449e+00;0.0000000000000000e+00;1.3975712060928345e+00;7.6823517680168152e-02;0.0000000000000000e+00;-7.6823495328426361e-02;1.3975710868835449e+00;0.0000000000000000e+00;-1.3975714445114136e+00;-7.6823517680168152e-02;0.0000000000000000e+00;
1.7900032043457031e+01;1.3938283920288086e-01;-1.3651586771011353e+00;0.0000000000000000e+00;1.3651587963104248e+00;1.3938310742378235e-01;0.0000000000000000e+00;-1.3938307762145996e-01;1.3651586771011353e+00;0.0000000000000000e+00;-1.3651590347290039e+00;-1.3938310742378235e-01;0.0000000000000000e+00;
1.8000032424926758e+01;2.0164121687412262e-01;-1.3297761678695679e+00;0.0000000000000000e+00;1.3297762870788574e+00;2.0164149999618530e-01;0.0000000000000000e+00;-2.0164145529270172e-01;1.3297761678695679e+00;0.0000000000000000e+00;-1.3297765254974365e+00;-2.0164149999618530e-01;0.0000000000000000e+00;
1.8100032806396484e+01;2.6343593001365662e-01;-1.2913209199905396e+00;0.0000000000000000e+00;1.2913210391998291e+00;2.6343619823455811e-01;0.0000000000000000e+00;-2.6343616843223572e-01;1.2913209199905396e+00;0.0000000000000000e+00;-1.2913212776184082e+00;-2.6343619823455811e-01;0.0000000000000000e+00;
1.8200033187866211e+01;3.2458609342575073e-01;-1.2496939897537231e+00;0.0000000000000000e+00;1.2496941089630127e+00;3.2458639144897461e-01;0.0000000000000000e+00;-3.2458633184432983e-01;1.2496939897537231e+00;0.0000000000000000e+00;-1.2496943473815918e+00;-3.2458639144897461e-01;0.0000000000000000e+00;
1.8300033569335938e+01;3.8489118218421936e-01;-1.2048026323318481e+00;0.0000000000000000e+00;1.2048027515411377e+00;3.8489148020744324e-01;0.0000000000000000e+00;-3.8489142060279846e-01;1.2048026323318481e+00;0.0000000000000000e+00;-1.2048029899597168e+00;-3.8489148020744324e-01;0.0000000000000000e+00;
1.8400033950805664e+01;4.4412967562675476e-01;-1.1565628051757812e+00;0.0000000000000000e+00;1.1565629243850708e+00;4.4412997364997864e-01;0.0000000000000000e+00;-4.4412991404533386e-01;1.1565628051757812e+00;0.0000000000000000e+00;-1.1565631628036499e+00;-4.4412997364997864e-01;0.0000000000000000e+00;
1.8500034332275391e+01;5.0205820798873901e-01;-1.1049027442932129e+00;0.0000000000000000e+00;1.1049028635025024e+00;5.0205850601196289e-01;0.0000000000000000e+00;-5.0205844640731812e-01;1.1049027442932129e+00;0.0000000000000000e+00;-1.1049031019210815e+00;-5.0205850601196289e-01;0.0000000000000000e+00;
1.8600034713745117e+01;5.5841094255447388e-01;-1.0497663021087646e+00;0.0000000000000000e+00;1.0497664213180542e+00;5.5841124057769775e-01;0.0000000000000000e+00;-5.5841118097305298e-01;1.0497663021087646e+00;0.0000000000000000e+00;-1.0497666597366333e+00;-5.5841124057769775e-01;0.0000000000000000e+00;
1.8700035095214844e+01;6.1289960145950317e-01;-9.9111759662628174e-01;0.0000000000000000e+00;9.9111771583557129e-01;6.1289995908737183e-01;0.0000000000000000e+00;-6.1289983987808228e-01;9.9111759662628174e-01;0.0000000000000000e+00;-9.9111795425415039e-01;-6.1289995908737183e-01;0.0000000000000000e+00;
1.8800035476684570e+01;6.6521424055099487e-01;-9.2894566059112549e-01;0.0000000000000000e+00;9.2894577980041504e-01;6.6521465778350830e-01;0.0000000000000000e+00;-6.6521447896957397e-01;9.2894566059112549e-01;0.0000000000000000e+00;-9.2894601821899414e-01;-6.6521465778350830e-01;0.0000000000000000e+00;
1.8900035858154297e+01;7.1502500772476196e-01;-8.6326968669891357e-01;0.0000000000000000e+00;8.6326980590820312e-01;7.1502542495727539e-01;0.0000000000000000e+00;-7.1502524614334106e-01;8.6326968669891357e-01;0.0000000000000000e+00;-8.6327004432678223e-01;-7.1502542495727539e-01;0.0000000000000000e+00;
1.9000036239624023e+01;7.6198488473892212e-01;-7.9414474964141846e-01;0.0000000000000000e+00;7.9414486885070801e-01;7.6198530197143555e-01;0.0000000000000000e+00;-7.6198512315750122e-01;7.9414474964141846e-01;0.0000000000000000e+00;-7.9414510726928711e-01;-7.6198530197143555e-01;0.0000000000000000e+00;
1.9100036621093750e+01;8.0573433637619019e-01;-7.2166705131530762e-01;0.0000000000000000e+00;7.2166717052459717e-01;8.0573475360870361e-01;0.0000000000000000e+00;-8.0573457479476929e-01;7.2166705131530762e-01;0.0000000000000000e+00;-7.2166740894317627e-01;-8.0573475360870361e-01;0.0000000000000000e+00;
1.9200037002563477e+01;8.4590697288513184e-01;-6.4597934484481812e-01;0.0000000000000000e+00;6.4597946405410767e-01;8.4590739011764526e-01;0.0000000000000000e+00;-8.4590721130371094e-01;6.4597934484481812e-01;0.0000000000000000e+00;-6.4597970247268677e-01;-8.4590739011764526e-01;0.0000000000000000e+00;
1.9300037384033203e+01;8.8213735818862915e-01;-5.6727504730224609e-01;0.0000000000000000e+00;5.6727516651153564e-01;8.8213777542114258e-01;0.0000000000000000e+00;-8.8213759660720825e-01;5.6727504730224609e-01;0.0000000000000000e+00;-5.6727540493011475e-01;-8.8213777542114258e-01;0.0000000000000000e+00;
1.9400037765502930e+01;9.1407001018524170e-01;-4.8580139875411987e-01;0.0000000000000000e+00;4.8580151796340942e-01;9.1407042741775513e-01;0.0000000000000000e+00;-9.1407024860382080e-01;4.8580139875411987e-01;0.0000000000000000e+00;-4.8580178618431091e-01;-9.1407042741775513e-01;0.0000000000000000e+00;
1.9500038146972656e+01;9.4136989116668701e-01;-4.0186050534248352e-01;0.0000000000000000e+00;4.0186062455177307e-01;9.4137030839920044e-01;0.0000000000000000e+00;-9.4137012958526611e-01;4.0186050534248352e-01;0.0000000000000000e+00;-4.0186089277267456e-01;-9.4137030839920044e-01;0.0000000000000000e+00;
1.9600038528442383e+01;9.6373373270034790e-01;-3.1580802798271179e-01;0.0000000000000000e+00;3.1580814719200134e-01;9.6373414993286133e-01;0.0000000000000000e+00;-9.6373397111892700e-01;3.1580802798271179e-01;0.0000000000000000e+00;-3.1580841541290283e-01;-9.6373414993286133e-01;0.0000000000000000e+00;
1.9700038909912109e+01;9.8090159893035889e-01;-2.2804908454418182e-01;0.0000000000000000e+00;2.2804920375347137e-01;9.8090201616287231e-01;0.0000000000000000e+00;-9.8090183734893799e-01;2.2804908454418182e-01;0.0000000000000000e+00;-2.2804948687553406e-01;-9.8090201616287231e-01;0.0000000000000000e+00;
1.9800039291381836e+01;9.9266755580902100e-01;-1.3903124630451202e-01;0.0000000000000000e+00;1.3903136551380157e-01;9.9266797304153442e-01;0.0000000000000000e+00;-9.9266779422760010e-01;1.3903124630451202e-01;0.0000000000000000e+00;-1.3903166353702545e-01;-9.9266797304153442e-01;0.0000000000000000e+00;
1.9900039672851562e+01;9.9888879060745239e-01;-4.9234658479690552e-02;0.0000000000000000e+00;4.9234792590141296e-02;9.9888920783996582e-01;0.0000000000000000e+00;-9.9888902902603149e-01;4.9234658479690552e-02;0.0000000000000000e+00;-4.9235094338655472e-02;-9.9888920783996582e-01;0.0000000000000000e+00;
2.0000040054321289e+01;9.9949240684509277e-01;4.0840085595846176e-02;0.0000000000000000e+00;-4.0839932858943939e-02;9.9949282407760620e-01;0.0000000000000000e+00;-9.9949264526367188e-01;-4.0840085595846176e-02;0.0000000000000000e+00;4.0839623659849167e-02;-9.9949282407760620e-01;0.0000000000000000e+00;
